4,2,2,0,0,0,0,1211011,0,0,0,0,0,0,0,0,0,0
4,2,2,0,0,0,0,1012011,0,0,0,0,0,185,77,77,0,0
6,2,4,1.024,0.066,0.07,0,1211011,1.67,0.22,0.22,0,0,0,0,0,0,0
10,4,6,1.14,0.063,0.066,0.23,1211011,8.28,0.94,0.94,0,0,0,0,0,0,0
10,4,6,1.14,0.063,0.066,0.23,1012011,0,0,0,3.4,1.4,93,26,26,1.1,0.4
12,4,8,0.88,0.213,0.128,0,1211011,4.9,2.7,1.3,0,0,0,0,0,0,0
10,6,4,0.83,0.069,0.062,0.253,1211011,10,1.56,1.56,0,0,0,0,0,0,0
12,6,6,0.582,0.025,0.024,0.2,1211011,4.87,0.4,0.4,0,0,0,0,0,0,0
12,6,6,0.582,0.025,0.024,0.2,1012011,0,0,0,2.8,0.4,500,81,81,2.4,0.4
14,6,8,0.36,0.024,0.024,0.137,1211011,1.87,0.25,0.25,0,0,0,0,0,0,0
14,6,8,0.36,0.024,0.024,0.137,1012011,0,0,0,0,0,34,5,5,0,0
16,6,10,0.323,0.018,0.018,0,1211011,1.5,0.17,0.17,0,0,0,0,0,0,0
18,6,12,0.289,0.019,0.013,0,1211011,1.2,0.16,0.11,0,0,0,0,0,0,0
20,6,14,0.405,0.075,0.051,0,1211011,2.3,1,0.5,0,0,0,0,0,0,0
14,8,6,0,0,0,0.202,1211011,0,0,0,0,0,0,0,0,0,0
16,8,8,0.364,0.018,0.017,0.202,1211011,3.39,0.32,0.32,0,0,0,0,0,0,0
16,8,8,0.364,0.018,0.017,0.202,1012011,0,0,0,0,0,153,22,22,0,0
18,8,10,0.355,0.008,0.007,0.2129,1211011,3.22,0.14,0.14,0,0,0,0,0,0,0
18,8,10,0.355,0.008,0.007,0.2129,1012011,0,0,0,0.31,0.06,430,80,80,0.88,0.17
20,8,12,0.261,0.01,0.009,0.168,1211011,1.74,0.12,0.12,0,0,0,0,0,0,0
22,8,14,0.208,0.041,0.041,0.143,1211011,1.15,0.44,0.44,0,0,0,0,0,0,0
24,8,16,0.15,0.036,0.049,0,1211011,0.57,0.31,0.31,0,0,0,0,0,0,0
18,10,8,0.694,0.033,0.034,0.519,1211011,19.2,1.86,1.86,0,0,0,0,0,0,0
20,10,10,0.727,0.032,0.032,0.584,1211011,21.09,1.86,1.86,0,0,0,0,0,0,0
20,10,10,0.727,0.032,0.032,0.584,1012011,0,0,0,0.13,0.05,364,136,136,3.7,1.3
20,10,10,0.727,0.032,0.032,0.584,1013011,0,0,0,0.52,0.18,298,123,123,18,6
22,10,12,0.562,0.012,0.012,0.481,1211011,12.56,0.55,0.55,0,0,0,0,0,0,0
22,10,12,0.562,0.012,0.012,0.481,1012011,0,0,0,0,0,0,0,0,0,0
24,10,14,0.45,0.08,0.083,0.41,1211011,8.27,2.92,2.92,0,0,0,0,0,0,0
24,10,14,0.45,0.08,0.083,0.41,1012011,0,0,0,0,0,0,0,0,0,0
26,10,16,0.498,0.046,0.045,0.477,1211011,9.97,1.79,1.79,0,0,0,0,0,0,0
28,10,18,0.5,0.139,0.14,0.5,1211011,10.69,5.54,5.54,0,0,0,0,0,0,0
30,10,20,0.453,0.034,0.037,0,1211011,8.16,1.26,1.26,0,0,0,0,0,0,0
20,12,8,0.44,0.038,0.041,0,1211011,11.1,2,2,0,0,0,0,0,0,0
22,12,10,0.58,0.11,0.102,0.6,1211011,20.21,7.1,7.1,0,0,0,0,0,0,0
24,12,12,0.605,0.008,0.007,0.659,1211011,21.01,0.54,0.54,0,0,0,0,0,0,0
24,12,12,0.605,0.008,0.007,0.659,1012011,0,0,0,0.73,0.1,294,19,19,20,3
26,12,14,0.482,0.011,0.01,0.554,1211011,13.33,0.57,0.57,0,0,0,0,0,0,0
26,12,14,0.482,0.011,0.01,0.554,1012011,0,0,0,0.91,0.12,65,9,9,2.1,0.3
28,12,16,0.491,0.035,0.036,0.592,1211011,13.86,1.98,1.98,0,0,0,0,0,0,0
28,12,16,0.491,0.035,0.036,0.592,1012011,0,0,0,0,0,0,0,0,0,0
30,12,18,0.431,0.019,0.019,0.544,1211011,10.66,0.94,0.94,0,0,0,0,0,0,0
30,12,18,0.431,0.019,0.019,0.544,1012011,0,0,0,0,0,0,0,0,0,0
32,12,20,0.473,0.043,0.043,0.62,1211011,12.93,2.32,2.32,0,0,0,0,0,0,0
34,12,22,0.5529,0.037,0.04,0,1211011,17.52,2.42,2.42,0,0,0,0,0,0,0
36,12,24,0.5,0.06,0.06,0,1211011,14.3,3.7,3.2,0,0,0,0,0,0,0
24,14,10,0.245,0.037,0.042,0,1211011,4.7,1.5,1.5,0,0,0,0,0,0,0
26,14,12,0.446,0.022,0.021,0.598,1211011,15.56,1.49,1.49,0,0,0,0,0,0,0
26,14,12,0.446,0.022,0.021,0.598,1012011,0,0,0,0,0,0,0,0,0,0
28,14,14,0.407,0.007,0.008,0.572,1211011,12.91,0.48,0.48,0,0,0,0,0,0,0
28,14,14,0.407,0.007,0.008,0.572,1012011,0,0,0,0.119,0.017,262,31,31,0.91,0.13
30,14,16,0.315,0.008,0.007,0.465,1211011,7.77,0.36,0.36,0,0,0,0,0,0,0
30,14,16,0.315,0.008,0.007,0.465,1012011,0,0,0,0.32,0.04,15.8,2,2,0.41,0.05
32,14,18,0.217,0.032,0.033,0.33,1211011,3.75,1.09,1.09,0,0,0,0,0,0,0
32,14,18,0.217,0.032,0.033,0.33,1012011,0,0,0,0,0,0,0,0,0,0
34,14,20,0.179,0.036,0.036,0.29,1211011,2.6,1.01,1.01,0,0,0,0,0,0,0
36,14,22,0.259,0.042,0.042,0.43,1211011,5.38,1.7,1.7,0,0,0,0,0,0,0
38,14,24,0.249,0.047,0.048,0.43,1211011,5.01,1.85,1.85,0,0,0,0,0,0,0
40,14,26,0.37,0.048,0.058,0,1211011,10.6,3,3,0,0,0,0,0,0,0
28,16,12,0.265,0.022,0.022,0,1211011,7.2,1.2,1.2,0,0,0,0,0,0,0
30,16,14,0.338,0.022,0.021,0.57,1211011,11.7,1.48,1.48,0,0,0,0,0,0,0
32,16,16,0.312,0.007,0.006,0.549,1211011,9.94,0.43,0.43,0,0,0,0,0,0,0
32,16,16,0.312,0.007,0.006,0.549,1012011,0,0,0,0.044,0.008,19,5,5,0.047,0.009
34,16,18,0.252,0.007,0.007,0.461,1211011,6.48,0.37,0.37,0,0,0,0,0,0,0
34,16,18,0.252,0.007,0.007,0.461,1012011,0,0,0,0.055,0.009,11,3,3,0.093,0.015
36,16,20,0.168,0.024,0.023,0.32,1211011,2.95,0.79,0.79,0,0,0,0,0,0,0
36,16,20,0.168,0.024,0.023,0.32,1012011,0,0,0,0,0,0,0,0,0,0
38,16,22,0.246,0.016,0.016,0.485,1211011,6.19,0.79,0.79,0,0,0,0,0,0,0
40,16,24,0.284,0.015,0.016,0.579,1211011,8.22,0.89,0.89,0,0,0,0,0,0,0
42,16,26,0.3,0.023,0.023,0.632,1211011,9.23,1.38,1.38,0,0,0,0,0,0,0
44,16,28,0.254,0.038,0.038,0.55,1211011,6.72,1.95,1.95,0,0,0,0,0,0,0
44,16,28,0.254,0.038,0.038,0.55,1012011,0,0,0,0,0,0,0,0,0,0
32,18,14,0.261,0.032,0.036,0,1211011,8.8,2.3,2.3,0,0,0,0,0,0,0
34,18,16,0.238,0.02,0.02,0.489,1211011,7.34,1.22,1.22,0,0,0,0,0,0,0
36,18,18,0.256,0.013,0.012,0.548,1211011,8.5,0.85,0.85,0,0,0,0,0,0,0
38,18,20,0.163,0.006,0.006,0.361,1211011,3.43,0.26,0.26,0,0,0,0,0,0,0
38,18,20,0.163,0.006,0.006,0.361,1012011,0,0,0,0.81,0.12,18,3,3,0.51,0.08
40,18,22,0.251,0.015,0.016,0.575,1211011,8.12,0.99,0.99,0,0,0,0,0,0,0
40,18,22,0.251,0.015,0.016,0.575,1012011,0,0,0,0,0,0,0,0,0,0
42,18,24,0.275,0.033,0.032,0.65,1211011,9.92,2.31,2.31,0,0,0,0,0,0,0
44,18,26,0.24,0.015,0.014,0.588,1211011,7.48,0.89,0.89,0,0,0,0,0,0,0
46,18,28,0.175,0.018,0.017,0.442,1211011,4,0.8,0.8,0,0,0,0,0,0,0
48,18,30,0.228,0.018,0.02,0,1211011,6.7,1.1,1.1,0,0,0,0,0,0,0
38,20,18,0.125,0.014,0.014,0.309,1211011,2.53,0.55,0.55,0,0,0,0,0,0,0
40,20,20,0.123,0.011,0.01,0.314,1211011,2.44,0.42,0.42,0,0,0,0,0,0,0
40,20,20,0.123,0.011,0.01,0.314,1012011,0,0,0,0,0,25.6,0.7,0.7,0,0
42,20,22,0.247,0.008,0.009,0.649,1211011,9.69,0.69,0.69,0,0,0,0,0,0,0
42,20,22,0.247,0.008,0.009,0.649,1012011,0,0,0,0.92,0.08,140,12,12,0.089,0.008
44,20,24,0.253,0.005,0.005,0.687,1211011,10.19,0.43,0.43,0,0,0,0,0,0,0
44,20,24,0.253,0.005,0.005,0.687,1012011,0,0,0,0.54,0.09,140,50,50,0.23,0.04
46,20,26,0.153,0.005,0.006,0.427,1211011,3.72,0.27,0.27,0,0,0,0,0,0,0
48,20,28,0.106,0.018,0.019,0.3,1211011,1.83,0.62,0.62,0,0,0,0,0,0,0
48,20,28,0.106,0.018,0.019,0.3,1012011,0,0,0,0.95,0.04,14.5,0.9,0.9,0.0503,0.0019
50,20,30,0.0654,0.002,0.002,0,1211011,0.68,0.04,0.03,0,0,0,0,0,0,0
42,22,20,0.319,0.047,0.047,0.93,1211011,20.07,5.77,5.77,0,0,0,0,0,0,0
44,22,22,0.268,0.034,0.033,0.8,1211011,14.09,3.47,3.47,0,0,0,0,0,0,0
46,22,24,0.317,0.009,0.008,0.977,1211011,19.41,1.02,1.02,0,0,0,0,0,0,0
46,22,24,0.317,0.009,0.008,0.977,1012011,0,0,0,0,0,0,0,0,0,0
48,22,26,0.269,0.007,0.008,0.85,1211011,13.9,0.77,0.77,0,0,0,0,0,0,0
48,22,26,0.269,0.007,0.008,0.85,1012011,0,0,0,0,0,0,0,0,0,0
50,22,28,0.166,0.011,0.012,0.539,1211011,5.3,0.73,0.73,0,0,0,0,0,0,0
50,22,28,0.166,0.011,0.012,0.539,1012011,0,0,0,0,0,0,0,0,0,0
52,22,30,0.2331,0.005,0.005,0,1211011,10.46,0.5,0.41,0,0,0,0,0,0,0
54,22,32,0.175,0.014,0.015,0,1211011,5.9,1,1,0,0,0,0,0,0,0
56,22,34,0.221,0.034,0.04,0,1211011,9.4,3.1,3.1,0,0,0,0,0,0,0
58,22,36,0.18,0.05,0.059,0,1211011,6.3,3.9,3.5,0,0,0,0,0,0,0
46,24,22,0.288,0.029,0.033,0,1211011,19,4.1,4.1,0,0,0,0,0,0,0
48,24,24,0.337,0.027,0.026,1.17,1211011,26.25,4.05,4.05,0,0,0,0,0,0,0
50,24,26,0.293,0.009,0.008,1.042,1211011,19.74,1.1,1.1,0,0,0,0,0,0,0
52,24,28,0.223,0.006,0.005,0.814,1211011,11.45,0.52,0.52,0,0,0,0,0,0,0
54,24,30,0.25,0.006,0.006,0.935,1211011,14.35,0.66,0.66,0,0,0,0,0,0,0
54,24,30,0.25,0.006,0.006,0.935,1012011,0,0,0,0,0,0,0,0,0,0
56,24,32,0.195,0.031,0.037,0,1211011,8.7,3,3,0,0,0,0,0,0,0
58,24,34,0.24,0.015,0.016,0,1211011,13.2,1.7,1.7,0,0,0,0,0,0,0
60,24,36,0.263,0.016,0.019,0,1211011,15.8,2.1,2.1,0,0,0,0,0,0,0
62,24,38,0.312,0.02,0.022,0,1211011,22.3,3,3,0,0,0,0,0,0,0
64,24,40,0.299,0.036,0.041,0,1211011,20.5,5.2,5.2,0,0,0,0,0,0,0
50,26,24,0.308,0.032,0.035,0,1211011,25.6,5.5,5.5,0,0,0,0,0,0,0
52,26,26,0.23,0.014,0.015,0,1211011,14.2,1.8,1.8,0,0,0,0,0,0,0
54,26,28,0.195,0.008,0.008,0.789,1211011,10.23,0.83,0.83,0,0,0,0,0,0,0
54,26,28,0.195,0.008,0.008,0.789,1012011,0,0,0,0.8,0.14,240,0,240,0.43,0.08
56,26,30,0.2392,0.005,0.005,0.992,1011010,0.63,0,0,0,0,0,0,0,,
56,26,30,0.2392,0.005,0.005,0.992,10110.2110.45,0,0,0,0,0,0,0,0,,
58,26,32,0.2586,0.004,0.004,1.098,1211011,18,0.6,0.6,0,0,0,0,0,0,0
60,26,34,0.225,0.021,0.021,0.98,1211011,13.76,2.58,2.58,0,0,0,0,0,0,0
62,26,36,0.228,0.011,0.009,0,1211011,14,1.4,1.1,0,0,0,0,0,0,0
64,26,38,0.291,0.016,0.009,0,1211011,22.7,2.7,1.3,0,0,0,0,0,0,0
66,26,40,0.267,0.009,0.009,0,1211011,19.2,1.3,1.3,0,0,0,0,0,0,0
68,26,42,0.283,0.017,0.017,0,1211011,21.6,2.6,2.6,0,0,0,0,0,0,0
54,28,26,0.179,0.017,0.019,0,1211011,10,2,2,0,0,0,0,0,0,0
56,28,28,0.173,0.017,0.018,0.77,1211011,9.43,1.89,1.89,0,0,0,0,0,0,0
58,28,30,0.1828,0.003,0.003,0.836,1211011,10.42,0.3,0.3,0,0,0,0,0,0,0
58,28,30,0.1828,0.003,0.003,0.836,1012011,0,0,0,0.65,0.1,0.0063,0.001,0.001,0.53,0.09
58,28,30,0.1828,0.003,0.003,0.836,1013011,0,0,0,0.27,0.04,80,30,30,0.47,0.07
60,28,32,0.207,0.002,0.002,0.968,1211011,13.37,0.22,0.22,0,0,0,0,0,0,0
60,28,32,0.207,0.002,0.002,0.968,1012011,0,0,0,0.074,0.016,14,13,13,0.027,0.006
60,28,32,0.207,0.002,0.002,0.968,1013011,0,0,0,0.29,0.03,78,66,42,0.5,0.06
60,28,32,0.207,0.002,0.002,0.968,1014011,0,0,0,1.26,0.2,0.43,0.43,0,3.4,0.5
62,28,34,0.1978,0.003,0.003,0.946,1211011,12.21,0.34,0.34,0,0,0,0,0,0,0
62,28,34,0.1978,0.003,0.003,0.946,1012011,0,0,0,0.088,0.005,77,23,34,0.0321,0.0018
62,28,34,0.1978,0.003,0.003,0.946,1212011,0.57,0.1,0.16,0,0,0,0,0,0,0
62,28,34,0.1978,0.003,0.003,0.946,1212211,14.9,2.4,4.2,0.32,0.08,213,39,46,0.5,0.13
64,28,36,0.179,0.009,0.01,0.873,1211011,10,1.05,1.05,0,0,0,0,0,0,0
66,28,38,0.158,0.011,0.012,0.79,1211011,7.83,1.14,1.14,0,0,0,0,0,0,0
68,28,40,0.1,0.012,0.012,0.51,1211011,3.15,0.73,0.73,0,0,0,0,0,0,0
68,28,40,0.1,0.012,0.012,0.51,1012011,0,0,0,0,0,4.4,1,1,0,0
70,28,42,0.179,0.014,0.015,0,1211011,10,1.6,1.6,0,0,0,0,0,0,0
74,28,46,0.1493,0.023,0.029,0,1211011,6.96,2.34,2.45,0,0,0,0,0,0,0
60,30,30,0,0,0,1.116,1211011,0,0,0,0,0,0,0,0,0,0
62,30,32,0.218,0.008,0.008,1.116,1211011,17.01,1.24,1.24,0,0,0,0,0,0,0
64,30,34,0.242,0.012,0.011,1.27,1211011,21.04,1.97,1.97,0,0,0,0,0,0,0
64,30,34,0.242,0.012,0.011,1.27,1012011,0,0,0,6,0.5,3.8,0.4,0.4,2.25,0.19
64,30,34,0.242,0.012,0.011,1.27,1013011,0,0,0,0.027,0.006,15,7,7,0.031,0.007
66,30,36,0.218,0.008,0.008,1.164,1011010,1.26,0,0,0,0,0,0,0,,
66,30,36,0.218,0.008,0.008,1.164,101130130,0,0,0,0.365,0.175,0.365,0.009,0.047,,
66,30,36,0.218,0.008,0.008,1.164,1011010,0,0,0,0,0,0,1.2,4.9,,
68,30,38,0.205,0.012,0.013,1.11,1211011,15.04,1.82,1.82,0,0,0,0,0,0,0
68,30,38,0.205,0.012,0.013,1.11,1012011,0,0,0,0.19,0.04,7,4,4,0.033,0.007
70,30,40,0.228,0.165,0.165,1.27,1211011,53.69,1.63,1.63,0,0,0,0,0,0,0
70,30,40,0.228,0.165,0.165,1.27,1012011,0,0,0,0.045,0.009,1.8,0.4,0.4,0.0017,0.0004
72,30,42,0.2129,0.041,0.041,0,1211011,21.13,1.92,1.92,0,0,0,0,0,0,0
74,30,44,0.243,0.009,0.01,0,1211011,21.15,1.63,1.63,0,0,0,0,0,0,0
76,30,46,0.206,0.013,0.013,0,1211011,15.2,1.9,1.9,0,0,0,0,0,0,0
78,30,48,0.147,0.018,0.019,0,1211011,7.8,1.9,1.9,0,0,0,0,0,0,0
80,30,50,0.141,0.008,0.009,0,1211011,7.1,0.9,0.9,0,0,0,0,0,0,0
64,32,32,0.259,0.023,0.017,0,1211011,27.4,4.9,3.6,0,0,0,0,0,0,0
66,32,34,0.174,0.017,0.017,0.99,1211011,12.5,2.4,2.4,0,0,0,0,0,0,0
68,32,36,0.206,0.015,0.015,1.2,1211011,17.35,2.55,2.55,0,0,0,0,0,0,0
70,32,38,0.2245,0.003,0.003,1.33,1211011,20.54,0.47,0.47,0,0,0,0,0,0,0
70,32,38,0.2245,0.003,0.003,1.33,1012011,0,0,0,0.125,0.006,5.2,0.4,0.4,0.0038,0.0002
70,32,38,0.2245,0.003,0.003,1.33,1013011,0,0,0,0.35,0.07,0.75,0.75,0,0.2,0.05
70,32,38,0.2245,0.003,0.003,1.33,1013012,0,0,0,0.59,0.08,3.7,3.7,0,0.93,0.13
72,32,40,0.2424,0.003,0.003,1.463,1211011,23.94,0.67,0.67,0,0,0,0,0,0,0
72,32,40,0.2424,0.003,0.003,1.463,1012011,0,0,0,0,0,9.18,0.02,0.02,0,0
74,32,42,0.2825,0.003,0.003,1.737,1211011,32.51,0.65,0.65,0,0,0,0,0,0,0
74,32,42,0.2825,0.003,0.003,1.737,1012011,0,0,0,0.06,0.06,32,32,0,0.026,0.026
76,32,44,0.2623,0.004,0.004,1.641,1211011,28.03,0.84,0.84,0,0,0,0,0,0,0
78,32,46,0.2346,0.007,0.008,0,1211011,22.4,1.4,1.4,0,0,0,0,0,0,0
78,32,46,0.2346,0.007,0.008,0,1012011,0,0,0,0,0,0,0,0,0,0
80,32,48,0.183,0.016,0.019,0,1211011,13.6,2.6,2.6,0,0,0,0,0,0,0
82,32,50,0.167,0.01,0.01,0,1211011,11.4,1.4,1.4,0,0,0,0,0,0,0
68,34,34,0.236,0.016,0.017,0,1211011,25.6,3.5,3.5,0,0,0,0,0,0,0
70,34,36,0.309,0.033,0.033,1.94,1211011,44.35,9.34,9.34,0,0,0,0,0,0,0
72,34,38,0.224,0.014,0.013,1.44,1211011,23.27,2.81,2.81,0,0,0,0,0,0,0
72,34,38,0.224,0.014,0.013,1.44,1012011,0,0,0,0.6,0.4,29,18,18,0.006,0.004
74,34,40,0.3019,0.003,0.003,1.972,1211011,41.94,0.87,0.87,0,0,0,0,0,0,0
74,34,40,0.3019,0.003,0.003,1.972,1012011,0,0,0,0.203,0.014,23.1,2.2,2.2,0.0105,0.0048
76,34,42,0.309,0.004,0.004,2.055,1211011,43.93,1.05,1.05,0,0,0,0,0,0,0
76,34,42,0.309,0.004,0.004,2.055,1012011,0,0,0,0.134,0.015,34,12,12,0.026,0.003
78,34,44,0.2712,0.004,0.004,1.835,1211011,33.85,0.91,0.91,0,0,0,0,0,0,0
78,34,44,0.2712,0.004,0.004,1.835,1012011,0,0,0,0,0,0,0,0,0,0
80,34,46,0.2318,0.003,0.003,1.595,1211011,24.71,0.59,0.59,0,0,0,0,0,0,0
80,34,46,0.2318,0.003,0.003,1.595,1012011,0,0,0,0,0,0,0,0,0,0
82,34,48,0.1934,0.003,0.003,1.353,1211011,17.2,0.47,0.47,0,0,0,0,0,0,0
82,34,48,0.1934,0.003,0.003,1.353,1012011,0,0,0,0,0,0,0,0,0,0
84,34,50,0.145,0.001,0.002,0,1211011,9.61,0.14,0.14,0,0,0,0,0,0,0
72,36,36,0.319,0.021,0.023,0,1211011,52.4,7.2,7.2,0,0,0,0,0,0,0
72,36,36,0.319,0.021,0.023,0,1012011,0,0,0,0,0,71,6,6,0,0
74,36,38,0.419,0.025,0.025,2.9,1211011,91.04,10.84,10.84,0,0,0,0,0,0,0
74,36,38,0.419,0.025,0.025,2.9,1012011,0,0,0,1.9,0.5,113,27,27,0.017,0.004
76,36,40,0.409,0.006,0.006,2.878,1211011,86.18,2.51,2.51,0,0,0,0,0,0,0
78,36,42,0.352,0.011,0.011,2.52,1211011,63.95,3.94,3.94,0,0,0,0,0,0,0
78,36,42,0.352,0.011,0.011,2.52,1012011,0,0,0,0.136,0.006,47,13,13,0.024,0.001
80,36,44,0.265,0.007,0.008,1.93,1211011,36.14,2.05,2.05,0,0,0,0,0,0,0
80,36,44,0.265,0.007,0.008,1.93,1012011,0,0,0,0.103,0.011,21,10,10,0.023,0.003
82,36,46,0.2021,0.005,0.005,1.497,1211011,21.08,0.95,0.95,0,0,0,0,0,0,0
82,36,46,0.2021,0.005,0.005,1.497,1012011,0,0,0,0.087,0.008,7.3,2.3,2.3,0.0174,0.0016
82,36,46,0.2021,0.005,0.005,1.497,1013011,0,0,0,0.14,0.04,7,1,1,0.1,0.03
84,36,48,0.1489,0.004,0.004,1.121,1211011,11.44,0.55,0.55,0,0,0,0,0,0,0
84,36,48,0.1489,0.004,0.004,1.121,1012011,0,0,0,0,0,0,0,0,0,0
86,36,50,0.145,0.006,0.006,1.107,1211011,10.82,0.89,0.89,0,0,0,0,0,0,0
88,36,52,0.12222,0.006,0.007,0,1211011,7.7,0.8,0.8,0,0,0,0,0,0,0
90,36,54,0.1577,0.115,0.036,0,1211011,12.83,25.66,5.14,0,0,0,0,0,0,0
92,36,56,0.1805,0.003,0.003,0,1211011,16.81,0.57,0.57,0,0,0,0,0,0,0
94,36,58,0.194,0.011,0.011,0,1211011,19.5,2.2,2.2,0,0,0,0,0,0,0
96,36,60,0.254,0.026,0.028,0,1211011,33.4,7.1,7.1,0,0,0,0,0,0,0
76,38,38,0.443,0.031,0.026,0,1211011,113,16,13,0,0,0,0,0,0,0
78,38,40,0.435,0.03,0.031,3.29,1211011,109.11,15.16,15.16,0,0,0,0,0,0,0
80,38,42,0.404,0.007,0.008,3.1,1211011,93.67,3.52,3.52,0,0,0,0,0,0,0
82,38,44,0.29,0.006,0.005,2.271,1211011,48.49,1.89,1.89,0,0,0,0,0,0,0
82,38,44,0.29,0.006,0.005,2.271,1012011,0,0,0,0,0,0,0,0,0,0
82,38,44,0.29,0.006,0.005,2.271,1013011,0,0,0,0,0,7,2,2,0,0
84,38,46,0.214,0.016,0.016,1.7,1211011,26.45,4.03,4.03,0,0,0,0,0,0,0
86,38,48,0.14,0.008,0.007,1.13,1211011,11.35,1.24,1.24,0,0,0,0,0,0,0
88,38,50,0.1173,0.003,0.003,0.961,1211011,7.91,0.43,0.43,0,0,0,0,0,0,0
88,38,50,0.1173,0.003,0.003,0.961,1012011,0,0,0,0,0,0,0,0,0,0
90,38,52,0.127,0.019,0.02,1.05,1211011,9.43,2.84,2.84,0,0,0,0,0,0,0
92,38,54,0.124,0.027,0.028,1.05,1211011,9.24,3.89,3.89,0,0,0,0,0,0,0
94,38,56,0.125,0.025,0.026,1.07,1211011,9.3,3.7,3.7,0,0,0,0,0,0,0
96,38,58,0.17,0.055,0.055,1.48,1211011,18.38,10.72,10.72,0,0,0,0,0,0,0
96,38,58,0.17,0.055,0.055,1.48,1012011,0,0,0,0,0,0,0,0,0,0
96,38,58,0.17,0.055,0.055,1.48,1013012,0,0,0,594,7,185,46,46,500,6
98,38,60,0.408,0.006,0.006,3.59,1211011,95.54,2.91,2.91,0,0,0,0,0,0,0
98,38,60,0.408,0.006,0.006,3.59,1012011,0,0,0,1.14,0.03,51,5,5,0.029,0.0008
100,38,62,0.423,0.012,0.012,3.78,1211011,103.01,5.8,5.8,0,0,0,0,0,0,0
82,40,42,0.367,0.018,0.018,3.02,1211011,86.01,8.51,8.51,0,0,0,0,0,0,0
84,40,44,0.251,0.007,0.007,2.1,1211011,40.09,2.29,2.29,0,0,0,0,0,0,0
86,40,46,0.151,0.015,0.014,1.29,1211011,14.72,2.75,2.75,0,0,0,0,0,0,0
88,40,48,0.185,0.029,0.029,1.6,1211011,22.37,6.88,6.88,0,0,0,0,0,0,0
88,40,48,0.185,0.029,0.029,1.6,1012011,0,0,0,0.09,0.02,0,0,0,0.005,0.0011
90,40,50,0.0894,0.003,0.003,0.783,1211011,5.09,0.33,0.33,0,0,0,0,0,0,0
90,40,50,0.0894,0.003,0.003,0.783,1012011,0,0,0,0,0,3.46,0.14,0.14,0,0
92,40,52,0.1027,0.004,0.004,0.913,1211011,6.73,0.49,0.49,0,0,0,0,0,0,0
92,40,52,0.1027,0.004,0.004,0.913,1012011,0,0,0,0.31,0.03,8,0.8,0.8,0.0195,0.0019
94,40,54,0.09,0.009,0.01,0.81,1211011,5.2,1.1,1.1,0,0,0,0,0,0,0
94,40,54,0.09,0.009,0.01,0.81,1012011,0,0,0,0.83,0.08,11.5,1.1,1.1,0.043,0.004
96,40,56,0.08,0.016,0.017,0.73,1211011,4.21,1.69,1.69,0,0,0,0,0,0,0
96,40,56,0.08,0.016,0.017,0.73,1012011,0,0,0,0,0,7.57,0.14,0.14,0,0
98,40,58,0,0,0,0,1211011,0,0,0,0,0,0,0,0,0,0
96,40,56,0.08,0.016,0.017,0.73,1012011,0,0,0,0,0,11.2,1.2,1.2,0,0
98,40,58,0,0,0,0,1013012,0,0,0,1.05,0.07,76,6,6,0.054,0.003
96,40,56,0.08,0.016,0.017,0.73,1014013,0,0,0,5.4,1.4,61,8,8,26,7
100,40,60,0.355,0.01,0.009,3.34,1211011,80.52,4.35,4.35,0,0,0,0,0,0,0
100,40,60,0.355,0.01,0.009,3.34,1012011,0,0,0,1.7,0.3,108,19,19,0.06,0.011
102,40,62,0.427,0.044,0.044,4.06,1211011,117.28,24.02,24.02,0,0,0,0,0,0,0
104,40,64,0.464,0.039,0.032,0,1211011,137,24,18,0,0,0,0,0,0,0
88,42,46,0,0,0,0,1211011,0,0,0,0,0,0,0,0,0,0
90,42,48,0,0,0,0,1211011,0,0,0,0,0,0,0,0,0,0
92,42,50,0.1058,0.003,0.003,0.987,1211011,7.86,0.49,0.49,0,0,0,0,0,0,0
94,42,52,0.1509,0.002,0.001,1.428,1211011,15.99,0.32,0.32,0,0,0,0,0,0,0
96,42,54,0.172,0.002,0.002,1.651,1211011,20.76,0.38,0.38,0,0,0,0,0,0,0
96,42,54,0.172,0.002,0.002,1.651,1012011,0,0,0,0,0,0,0,0,0,0
98,42,56,0.1683,0.003,0.003,1.638,1211011,19.9,0.67,0.67,0,0,0,0,0,0,0
98,42,56,0.1683,0.003,0.003,1.638,1012011,0,0,0,0,0,27.3,1.1,1.1,0,0
100,42,58,0.2309,0.002,0.002,2.277,1211011,37.43,0.73,0.73,0,0,0,0,0,0,0
100,42,58,0.2309,0.002,0.002,2.277,1012011,0,0,0,0.61,0.1,36,6,6,0.014,0.002
102,42,60,0.311,0.005,0.005,3.11,1211011,68.04,2.19,2.19,0,0,0,0,0,0,0
102,42,60,0.311,0.005,0.005,3.11,1012011,0,0,0,0.59,0.1,120,50,50,0.061,0.01
104,42,62,0.362,0.011,0.01,3.67,1211011,92.25,5.51,5.51,0,0,0,0,0,0,0
106,42,64,0.354,0.009,0.01,3.63,1211011,87.92,4.7,4.7,0,0,0,0,0,0,0
108,42,66,0.38,0.063,0.06,4,1211011,104.75,32.73,32.73,0,0,0,0,0,0,0
110,42,68,0,0,0,0,1211011,0,0,0,0,0,0,0,0,0,0
96,44,52,0.1579,0.003,0.003,1.588,1211011,19.23,0.77,0.77,0,0,0,0,0,0,0
96,44,52,0.1579,0.003,0.003,1.588,1012011,0,0,0,0,0,0,0,0,0,0
98,44,54,0.1947,0.003,0.003,1.985,1211011,29.21,0.89,0.89,0,0,0,0,0,0,0
100,44,56,0.2148,0.001,0.001,2.219,1211011,35.55,0.36,0.36,0,0,0,0,0,0,0
100,44,56,0.2148,0.001,0.001,2.219,1012011,0,0,0,0.098,0.009,10.3,1.8,1.8,0.0104,0.0009
100,44,56,0.2148,0.001,0.001,2.219,1013011,0,0,0,1.6,0.9,48,0,48,0.6,0.3
100,44,56,0.2148,0.001,0.001,2.219,1013012,0,0,0,0.9,0.5,90,0,90,1.1,0.6
102,44,58,0.2404,0.002,0.002,2.517,1211011,44.51,0.71,0.71,0,0,0,0,0,0,0
102,44,58,0.2404,0.002,0.002,2.517,1012011,0,0,0,0.175,0.015,14,3,3,0.0142,0.0012
104,44,60,0.2707,0.002,0.002,2.871,1211011,56.45,0.83,0.83,0,0,0,0,0,0,0
106,44,62,0.257,0.034,0.034,2.76,1211011,51.68,13.42,13.42,0,0,0,0,0,0,0
106,44,62,0.257,0.034,0.034,2.76,1012011,0,0,0,0.017,0.007,0,0,0,0.0037,0.0015
108,44,64,0.292,0.022,0.022,3.18,1211011,66.12,9.82,9.82,0,0,0,0,0,0,0
110,44,66,0.295,0.016,0.017,3.24,1211011,67.08,7.67,7.67,0,0,0,0,0,0,0
112,44,68,0.306,0.031,0.03,3.41,1211011,72.97,14.34,14.34,0,0,0,0,0,0,0
114,44,70,0,0,0,0,1211011,0,0,0,0,0,0,0,0,0,0
100,46,54,0.1728,0.004,0.004,0,1211011,25.14,1.18,1.07,0,0,0,0,0,0,0
102,46,56,0.196,0.007,0.006,2.15,1211011,32.5,2.12,2.12,0,0,0,0,0,0,0
102,46,56,0.196,0.007,0.006,2.15,1012011,0,0,0,0,0,4,1.5,1.5,0,0
102,46,56,0.196,0.007,0.006,2.15,1013011,0,0,0,0.0007,0.0007,0.2,0,0.2,0.00019,0.00019
104,46,58,0.209,0.007,0.007,2.32,1211011,36.83,2.41,2.41,0,0,0,0,0,0,0
104,46,58,0.209,0.007,0.007,2.32,1012011,0,0,0,0.12,0.06,6,4,4,0.017,0.009
104,46,58,0.209,0.007,0.007,2.32,1212011,1.29,0.1,0.1,0,0,0,0,0,0,0
104,46,58,0.209,0.007,0.007,2.32,1212211,21.8,1.7,1.7,0,0,0.086,10,0.069,8,8
106,46,60,0.229,0.006,0.006,2.57,1211011,44.3,2.35,2.35,0,0,0,0,0,0,0
106,46,60,0.229,0.006,0.006,2.57,1012011,0,0,0,0.162,0.007,14,4,4,0.0168,0.0008
106,46,60,0.229,0.006,0.006,2.57,1013011,0,0,0,0.055,0.055,0,0,0,0.019,0.019
106,46,60,0.229,0.006,0.006,2.57,1014011,0,0,0,5.8,1.1,0,0,0,2.9,0.6
106,46,60,0.229,0.006,0.006,2.57,1015011,0,0,0,0.25,0.25,0,0,0,0.19,0.19
108,46,62,0.243,0.006,0.006,2.76,1211011,49.75,2.62,2.62,0,0,0,0,0,0,0
108,46,62,0.243,0.006,0.006,2.76,1012011,0,0,0,0.01,0.01,3,0,3,0.001,0.001
110,46,64,0.257,0.006,0.006,2.96,1211011,55.58,2.56,2.56,0,0,0,0,0,0,0
110,46,64,0.257,0.006,0.006,2.96,1012011,0,0,0,0.034,0.006,4,0.8,0.8,0.0038,0.0006
110,46,64,0.257,0.006,0.006,2.96,1013011,0,0,0,0.019,0.006,0,0,0,0.0036,0.0012
112,46,66,0.22,0.019,0.018,2.57,1211011,41.16,6.86,6.86,0,0,0,0,0,0,0
112,46,66,0.22,0.019,0.018,2.57,1012011,0,0,0,0.08,0.05,0,0,0,0.016,0.009
114,46,68,0.164,0.026,0.027,1.93,1211011,23.15,7.31,7.31,0,0,0,0,0,0,0
116,46,70,0.207,0.031,0.031,2.47,1211011,36.9,10.71,10.71,0,0,0,0,0,0,0
100,48,52,0.1616,0.005,0.005,0,1211011,23.9,1.5,1.5,0,0,0,0,0,0,0
102,48,54,0.1407,0.006,0.006,0,1211011,18.16,1.62,1.62,0,0,0,0,0,0,0
104,48,56,0.174,0.024,0.024,2.01,1211011,28.23,7.57,7.57,0,0,0,0,0,0,0
106,48,58,0.1732,0.004,0.004,2.03,1211011,27.52,1.34,1.34,0,0,0,0,0,0,0
106,48,58,0.1732,0.004,0.004,2.03,1013011,0,0,0,5.3,1.2,0,0,0,2.2,0.5
108,48,60,0.1752,0.321,0.321,2.079,1211011,224.55,1.31,1.31,0,0,0,0,0,0,0
108,48,60,0.1752,0.321,0.321,2.079,1013011,0,0,0,33,6,0,0,0,10,2
110,48,62,0.177,0.004,0.004,2.126,1112010,1.28,1.28,0,0,0,0,0,0,0,
110,48,62,0.177,0.004,0.004,2.126,1110010,0,0,0,0.03,0,0,0.027,0,0.004,
110,48,62,0.177,0.004,0.004,2.126,1110010,0,0,0,0.12,0,0,0.0245,0,0.0245,
110,48,62,0.177,0.004,0.004,2.126,1210010,0,0,0,2.8,0,0,3.6,0,3.6,
110,48,62,0.177,0.004,0.004,2.126,1212012,0,0,0,0,20,15,0,15,0,
112,48,64,0.1862,0.004,0.004,2.264,1211011,31.81,1.25,1.25,0,0,0,0,0,0,0
112,48,64,0.1862,0.004,0.004,2.264,1012011,0,0,0,0.304,0.019,34,9,9,0.0234,0.0015
112,48,64,0.1862,0.004,0.004,2.264,1013011,0,0,0,19.3,1.7,0.87,0.05,0.05,2.53,0.22
112,48,64,0.1862,0.004,0.004,2.264,1013012,0,0,0,48,5,10.7,0.6,0.6,33,3
112,48,64,0.1862,0.004,0.004,2.264,1213212,0,0,0,0,0,31,20,20,0,0
114,48,66,0.1903,0.003,0.004,2.34,1211011,33.2,1.22,1.22,0,0,0,0,0,0,0
114,48,66,0.1903,0.003,0.004,2.34,1012011,0,0,0,0.31,0.03,19,2,2,0.024,0.003
114,48,66,0.1903,0.003,0.004,2.34,1013011,0,0,0,164,14,1.83,0.13,0.13,19.8,1.7
114,48,66,0.1903,0.003,0.004,2.34,1013012,0,0,0,11.4,1,0.65,0.05,0.05,7,0.6
114,48,66,0.1903,0.003,0.004,2.34,1014011,0,0,0,0.034,0.011,0.9,0.4,0.4,0.012,0.004
114,48,66,0.1903,0.003,0.004,2.34,1015011,0,0,0,0.76,0.06,0,0,0,0.56,0.04
114,48,66,0.1903,0.003,0.004,2.34,1016011,0,0,0,0.68,0.11,0,0,0,0.57,0.09
114,48,66,0.1903,0.003,0.004,2.34,1016014,0,0,0,0.43,0.12,0,0,0,1.8,0.5
114,48,66,0.1903,0.003,0.004,2.34,1212012,3.4,0.7,0.7,0,0,0,0,0,0,0
114,48,66,0.1903,0.003,0.004,2.34,1212011,0.48,0.06,0.06,0,0,0,0,0,0,0
114,48,66,0.1903,0.003,0.004,2.34,1212211,22,6,6,0,0,36,5,5,0,0
114,48,66,0.1903,0.003,0.004,2.34,1214212,0,0,0,0,0,95,19,19,0,0
114,48,66,0.1903,0.003,0.004,2.34,1412411,0,0,0,0,0,67,10,10,0,0
114,48,66,0.1903,0.003,0.004,2.34,1213212,0,0,0,0,0,22,3,3,0,0
116,48,68,0.1906,0.003,0.003,2.372,1211011,33.33,1.19,1.19,0,0,0,0,0,0,0
116,48,68,0.1906,0.003,0.003,2.372,1012011,0,0,0,0,0,0,0,0,0,0
118,48,70,0.19,0.007,0.008,2.39,1211011,33.04,2.56,2.56,0,0,0,0,0,0,0
118,48,70,0.19,0.007,0.008,2.39,1012011,0,0,0,0,0,0,0,0,0,0
120,48,72,0.172,0.011,0.011,2.19,1211011,27.31,3.41,3.41,0,0,0,0,0,0,0
120,48,72,0.172,0.011,0.011,2.19,1012011,0,0,0,0,0,0,0,0,0,0
122,48,74,0.182,0.045,0.045,2.3,1211011,32.27,15.02,15.02,0,0,0,0,0,0,0
124,48,76,0.144,0.004,0.003,0,1211011,19.1,1,1,0,0,0,0,0,0,0
126,48,78,0.124,0.013,0.015,0,1211011,14,3.2,3.2,0,0,0,0,0,0,0
104,50,54,0.1104,0.008,0.009,0,1211011,12.12,1.93,1.93,0,0,0,0,0,0,0
106,50,56,0.1187,0.009,0.01,0,1211011,14,2.2,2.2,0,0,0,0,0,0,0
108,50,58,0.1214,0.005,0.004,0,1211011,14.7,1.1,1.1,0,0,0,0,0,0,0
110,50,60,0.1217,0.004,0.005,0,1211011,14.7,1.1,1.1,0,0,0,0,0,0,0
112,50,62,0.1226,0.004,0.004,1.553,1211011,14.97,0.87,0.87,0,0,0,0,0,0,0
112,50,62,0.1226,0.004,0.004,1.553,1012011,0,0,0,0.55,0.1,12,0,12,0.047,0.009
114,50,64,0.121,0.012,0.013,1.54,1211011,14.62,3.05,3.05,0,0,0,0,0,0,0
114,50,64,0.121,0.012,0.013,1.54,1012011,0,0,0,1,0.2,26,10,10,0.04,0.008
114,50,64,0.121,0.012,0.013,1.54,1013011,0,0,0,0.07,0.07,1.4,0,1.4,0.005,0.005
114,50,64,0.121,0.012,0.013,1.54,1013012,0,0,0,1.5,0.5,130,0,130,0.9,0.3
116,50,66,0.1118,0.002,0.002,1.449,1211011,12.44,0.36,0.36,0,0,0,0,0,0,0
116,50,66,0.1118,0.002,0.002,1.449,1012011,0,0,0,0.39,0.04,4.3,0.8,0.8,0.0085,0.0009
116,50,66,0.1118,0.002,0.002,1.449,1013011,0,0,0,1.18,0.2,0.87,0.18,0.18,0.062,0.011
116,50,66,0.1118,0.002,0.002,1.449,1013012,0,0,0,17,2,87,19,19,6.4,1.2
118,50,68,0.1105,0.002,0.002,1.449,1211011,12.16,0.47,0.47,0,0,0,0,0,0,0
118,50,68,0.1105,0.002,0.002,1.449,1012011,0,0,0,0.23,0.02,3.7,0.6,0.6,0.007,0.0006
118,50,68,0.1105,0.002,0.002,1.449,1013011,0,0,0,1.12,0.17,0.48,0.48,0,0.08,0.012
118,50,68,0.1105,0.002,0.002,1.449,1013012,0,0,0,1.2,0.3,36,36,0,0.59,0.15
118,50,68,0.1105,0.002,0.002,1.449,1014011,0,0,0,0.07,0.07,0,0,0,0.0125,0.0125
120,50,70,0.1075,0.001,0.001,1.425,1211011,11.49,0.23,0.23,0,0,0,0,0,0,0
120,50,70,0.1075,0.001,0.001,1.425,1012011,0,0,0,0.12,0.03,2.4,0.7,0.7,0.0066,0.0016
120,50,70,0.1075,0.001,0.001,1.425,1013011,0,0,0,2,0.4,27,0,27,0.22,0.05
120,50,70,0.1075,0.001,0.001,1.425,1013012,0,0,0,10,4,1000,0,1000,8,3
122,50,72,0.1036,0.001,0.001,1.389,1211011,10.68,0.22,0.22,0,0,0,0,0,0,0
124,50,74,0.0953,0.206,0.206,1.292,1211011,90.39,0.22,0.22,0,0,0,0,0,0,0
126,50,76,0,0,0,0,1211011,0,0,0,0,0,0,0,0,0,0
128,50,78,0,0,0,0,1211011,0,0,0,0,0,0,0,0,0,0
130,50,80,0,0,0,0,1211011,0,0,0,0,0,0,0,0,0,0
132,50,82,0.0771,0.008,0.009,0,1211011,5.9,1.3,1.3,0,0,0,0,0,0,0
134,50,84,0.0378,0.004,0.004,0,1211011,1.42,0.28,0.28,0,0,0,0,0,0,0
108,52,56,0.153,0.01,0.008,0,1211011,25.3,3.4,2.7,0,0,0,0,0,0,0
110,52,58,0,0,0,0,1211011,0,0,0,0,0,0,0,0,0,0
114,52,62,0.1774,0.008,0.007,0,1211011,33.9,3,2.5,0,0,0,0,0,0,0
116,52,64,0,0,0,0,1211011,0,0,0,0,0,0,0,0,0,0
118,52,66,0.175,0.016,0.013,0,1211011,32.9,6.2,4.5,0,0,0,0,0,0,0
118,52,66,0.175,0.016,0.013,0,1012011,0,0,0,0.38,0.06,13,6,6,0.0076,0.0013
118,52,66,0.175,0.016,0.013,0,1013011,0,0,0,1.3,0.7,0,0,0,0.14,0.08
118,52,66,0.175,0.016,0.013,0,1013012,0,0,0,15,5,0,0,0,4.6,1.5
120,52,68,0.201,0.021,0.021,2.77,1211011,43.8,9.1,9.1,0,0,0,0,0,0,0
120,52,68,0.201,0.021,0.021,2.77,1012011,0,0,0,0.32,0.08,0,0,0,0.014,0.004
120,52,68,0.201,0.021,0.021,2.77,1013011,0,0,0,1.1,0.4,0,0,0,0.17,0.06
120,52,68,0.201,0.021,0.021,2.77,1013012,0,0,0,9,4,0,0,0,5,2
122,52,70,0.1847,0.001,0.001,2.576,1211011,36.73,0.33,0.33,0,0,0,0,0,0,0
122,52,70,0.1847,0.001,0.001,2.576,1012011,0,0,0,0.125,0.012,0,0,0,0.0113,0.0011
122,52,70,0.1847,0.001,0.001,2.576,1013011,0,0,0,30,4,0,0,0,8.3,1.1
122,52,70,0.1847,0.001,0.001,2.576,1013012,0,0,0,47,9,0,0,0,51,10
124,52,72,0.1695,0.001,0.001,2.39,1011010,0.33,0,0,0,0,0,0,0,,
124,52,72,0.1695,0.001,0.001,2.39,10110.1410.55,0,0,0,12,3,3,0.004,0.014,,
124,52,72,0.1695,0.001,0.001,2.39,1013010,0,0,0,0.3,0,0.3,1,2.1,,
126,52,74,0.1534,0.002,0.002,2.185,1211011,25.32,0.53,0.53,0,0,0,0,0,0,0
128,52,76,0.1363,0.001,0.001,1.962,1211011,19.99,0.31,0.31,0,0,0,0,0,0,0
130,52,78,0.1184,0.001,0.001,1.722,1211011,15.08,0.36,0.36,0,0,0,0,0,0,0
132,52,80,0.0983,0.004,0.004,0,1211011,10.39,0.86,0.86,0,0,0,0,0,0,0
134,52,82,0.0687,0.001,0.001,0,1211011,5.08,0.2,0.2,0,0,0,0,0,0,0
136,52,84,0.0739,0.005,0.006,0,1211011,5.87,0.87,0.87,0,0,0,0,0,0,0
114,54,60,0.221,0.007,0.007,3.06,1211011,56.65,3.66,3.66,0,0,0,0,0,0,0
116,54,62,0.249,0.006,0.006,3.49,1211011,72.01,3.57,3.57,0,0,0,0,0,0,0
118,54,64,0.265,0.006,0.007,3.75,1211011,81.45,4.07,4.07,0,0,0,0,0,0,0
118,54,64,0.265,0.006,0.007,3.75,1012011,0,0,0,0.58,0.15,0,0,0,0.023,0.006
120,54,66,0.291,0.009,0.009,4.17,1211011,98.41,6.26,6.26,0,0,0,0,0,0,0
120,54,66,0.291,0.009,0.009,4.17,1012011,0,0,0,0,0,0,0,0,0,0
122,54,68,0.259,0.006,0.005,3.75,1211011,77.9,3.34,3.34,0,0,0,0,0,0,0
124,54,70,0.212,0.007,0.006,3.11,1211011,52.27,3.27,3.27,0,0,0,0,0,0,0
124,54,70,0.212,0.007,0.006,3.11,1012011,0,0,0,0.09,0.09,0,0,0,0.0115,0.0115
124,54,70,0.212,0.007,0.006,3.11,1013011,0,0,0,0.3,0.3,0,0,0,0.08,0.08
124,54,70,0.212,0.007,0.006,3.11,1014011,0,0,0,1.8,1.8,0,0,0,1.15,1.15
126,54,72,0.1881,0.003,0.003,2.782,1211011,41.04,1.33,1.33,0,0,0,0,0,0,0
128,54,74,0.1836,0.005,0.005,2.74,1211011,39.15,2.09,2.09,0,0,0,0,0,0,0
130,54,76,0.169,0.007,0.006,2.55,1211011,33.23,2.56,2.56,0,0,0,0,0,0,0
130,54,76,0.169,0.007,0.006,2.55,1012011,0,0,0,0.13,0.04,0,0,0,0.028,0.008
130,54,76,0.169,0.007,0.006,2.55,1013011,0,0,0,9,5,0,0,0,2.8,1.5
132,54,78,0.1409,0.005,0.005,2.15,1211011,23.05,1.5,1.5,0,0,0,0,0,0,0
134,54,80,0.119,0.26,0.26,1.84,1211011,164,2.95,2.95,0,0,0,0,0,0,0
136,54,82,0.122,0.01,0.01,1.9,1211011,17.33,2.89,2.89,0,0,0,0,0,0,0
140,54,86,0.1137,0.002,0.002,1.804,1211011,15.01,0.65,0.65,0,0,0,0,0,0,0
142,54,88,0.164,0.012,0.012,0,1211011,31.4,4.5,4.5,0,0,0,0,0,0,0
144,54,90,0.168,0.018,0.021,0,1211011,32.6,7.6,7.6,0,0,0,0,0,0,0
122,56,66,0.354,0.017,0.018,5.31,1211011,156.36,15.58,15.58,0,0,0,0,0,0,0
124,56,68,0.302,0.007,0.007,4.58,1211011,113.81,5.45,5.45,0,0,0,0,0,0,0
124,56,68,0.302,0.007,0.007,4.58,1012011,0,0,0,1.4,0.7,0,0,0,0.09,0.05
126,56,70,0.273,0.007,0.007,4.19,1211011,93.28,4.8,4.8,0,0,0,0,0,0,0
128,56,72,0.249,0.006,0.006,3.86,1211011,77.25,3.65,3.65,0,0,0,0,0,0,0
130,56,74,0.2183,0.001,0.002,3.419,1211011,59.46,0.82,0.82,0,0,0,0,0,0,0
132,56,76,0.186,0.006,0.007,2.94,1211011,43.08,3.01,3.01,0,0,0,0,0,0,0
134,56,78,0.1609,0.001,0.001,2.572,1211011,32.31,0.34,0.34,0,0,0,0,0,0,0
134,56,78,0.1609,0.001,0.001,2.572,1012011,0,0,0,19,2,0,0,0,2.8,0.3
134,56,78,0.1609,0.001,0.001,2.572,1014011,0,0,0,0.04,0.02,3.6,1.8,1.8,0.014,0.007
134,56,78,0.1609,0.001,0.001,2.572,1015011,0,0,0,1.7,0.3,0,0,0,0.61,0.11
134,56,78,0.1609,0.001,0.001,2.572,1016011,0,0,0,16,4,33,22,22,6.4,1.6
136,56,80,0.1258,0.001,0.001,2.03,1211011,19.74,0.39,0.39,0,0,0,0,0,0,0
136,56,80,0.1258,0.001,0.001,2.03,1012011,0,0,0,2.6,0.6,0,0,0,0.14,0.04
138,56,82,0.0933,0.002,0.002,1.52,1211011,10.86,0.43,0.43,0,0,0,0,0,0,0
140,56,84,0.126,0.028,0.028,2.08,1211011,20.84,8.8,8.8,0,0,0,0,0,0,0
142,56,86,0.1595,0.004,0.004,2.65,1211011,31.77,1.68,1.68,0,0,0,0,0,0,0
142,56,86,0.1595,0.004,0.004,2.65,1012011,0,0,0,0,0,0,0,0,0,0
144,56,88,0.194,0.005,0.006,3.25,1211011,46.84,2.68,2.68,0,0,0,0,0,0,0
144,56,88,0.194,0.005,0.006,3.25,1012011,0,0,0,0,0,0,0,0,0,0
146,56,90,0.218,0.004,0.004,3.69,1211011,59.34,2.1,2.1,0,0,0,0,0,0,0
148,56,92,0,0,0,0,1211011,0,0,0,0,0,0,0,0,0,0
124,58,66,0.385,0.048,0.048,6.1,1211011,201.47,49.01,49.01,0,0,0,0,0,0,0
126,58,68,0.325,0.03,0.029,5.17,1211011,142.85,25.59,25.59,0,0,0,0,0,0,0
128,58,70,0.298,0.014,0.015,4.78,1211011,119.01,11.48,11.48,0,0,0,0,0,0,0
130,58,72,0.258,0.007,0.008,4.418,1211011,88.96,5.11,5.11,0,0,0,0,0,0,0
132,58,74,0.264,0.012,0.012,4.33,1211011,93.68,8.52,8.52,0,0,0,0,0,0,0
134,58,76,0.195,0.009,0.008,3.23,1211011,51.07,4.42,4.42,0,0,0,0,0,0,0
136,58,78,0.17,0.01,0.009,2.85,1211011,39,4.33,4.33,0,0,0,0,0,0,0
138,58,80,0.1259,0.004,0.004,2.13,1211011,21.25,1.42,1.42,0,0,0,0,0,0,0
138,58,80,0.1259,0.004,0.004,2.13,1012011,0,0,0,6.5,0.8,0,0,0,0.25,0.03
140,58,82,0.1015,0.001,0.001,1.731,1211011,13.8,0.28,0.28,0,0,0,0,0,0,0
140,58,82,0.1015,0.001,0.001,1.731,1012011,0,0,0,14.3,0.9,13.5,1.3,1.3,0.064,0.004
142,58,84,0.1277,0.001,0.001,2.197,1211011,21.82,0.27,0.27,0,0,0,0,0,0,0
142,58,84,0.1277,0.001,0.001,2.197,1012011,0,0,0,0,0,0,0,0,0,0
144,58,86,0.166,0.009,0.009,2.88,1211011,37.03,4.02,4.02,0,0,0,0,0,0,0
146,58,88,0.193,0.01,0.01,3.38,1211011,49.93,5.26,5.26,0,0,0,0,0,0,0
148,58,90,0.251,0.011,0.012,4.43,1211011,84.3,7.74,7.74,0,0,0,0,0,0,0
150,58,92,0.32,0.04,0.039,5.7,1211011,139.41,33.8,33.8,0,0,0,0,0,0,0
152,58,94,0.4285,0.05,0.037,0,1211011,245.7,61.4,40.9,0,0,0,0,0,0,0
154,58,96,0,0,0,0,1211011,0,0,0,0,0,0,0,0,0,0
156,58,98,0,0,0,0,1211011,0,0,0,0,0,0,0,0,0,0
130,60,70,0.37,0.089,0.083,6.3,1211011,209.62,92.03,92.03,0,0,0,0,0,0,0
132,60,72,0.349,0.03,0.031,5.9,1211011,175.34,30.06,30.06,0,0,0,0,0,0,0
134,60,74,0.249,0.026,0.025,4.27,1211011,89.86,18.17,18.17,0,0,0,0,0,0,0
136,60,76,0.236,0.016,0.017,0,1211011,80,11,11,0,0,0,0,0,0,0
138,60,78,0,0,0,0,1211011,0,0,0,0,0,0,0,0,0,0
140,60,80,0.1526,0.005,0.005,0,1211011,33.3,2.3,2.3,0,0,0,0,0,0,0
142,60,82,0.0917,0.001,0.001,1.632,1211011,12.04,0.27,0.27,0,0,0,0,0,0,0
142,60,82,0.0917,0.001,0.001,1.632,1012011,0,0,0,24,4,14,6,6,0.38,0.07
144,60,84,0.1237,0.001,0.001,2.222,1211011,21.9,0.22,0.22,0,0,0,0,0,0,0
144,60,84,0.1237,0.001,0.001,2.222,1012011,0,0,0,0,0,0,0,0,0,0
146,60,86,0.1524,0.003,0.002,2.764,1211011,33.29,1.1,1.1,0,0,0,0,0,0,0
148,60,88,0.2013,0.004,0.004,3.68,1211011,58.06,2.15,2.15,0,0,0,0,0,0,0
148,60,88,0.2013,0.004,0.004,3.68,1012011,0,0,0,0,0,0,0,0,0,0
150,60,90,0.2853,0.002,0.002,5.267,1211011,116.6,1.69,1.69,0,0,0,0,0,0,0
150,60,90,0.2853,0.002,0.002,5.267,1012011,0,0,0,0,0,0,0,0,0,0
152,60,92,0.349,0.011,0.012,6.49,1211011,174.33,11.62,11.62,0,0,0,0,0,0,0
154,60,94,0.258,0.042,0.028,0,1211011,95.9,33.4,20,0,0,0,0,0,0,0
156,60,96,0,0,0,0,1211011,0,0,0,0,0,0,0,0,0,0
158,60,98,0,0,0,0,1211011,0,0,0,0,0,0,0,0,0,0
160,60,100,0,0,0,0,1211011,0,0,0,0,0,0,0,0,0,0
162,60,102,0,0,0,0,1211011,0,0,0,0,0,0,0,0,0,0
164,60,104,0,0,0,0,1211011,0,0,0,0,0,0,0,0,0,0
134,62,72,0.366,0.027,0.026,6.48,1211011,206.23,29.46,29.46,0,0,0,0,0,0,0
136,62,74,0.293,0.014,0.015,5.23,1211011,131.43,13,13,0,0,0,0,0,0,0
138,62,76,0.208,0.017,0.017,3.75,1211011,66.57,10.86,10.86,0,0,0,0,0,0,0
140,62,78,0,0,0,0,1211011,0,0,0,0,0,0,0,0,0,0
142,62,80,0,0,0,0,1211011,0,0,0,0,0,0,0,0,0,0
144,62,82,0.0874,0.001,0.001,1.623,1211011,11.69,0.27,0.27,0,0,0,0,0,0,0
144,62,82,0.0874,0.001,0.001,1.623,1012011,0,0,0,7.9,0.8,6,6,6,0.176,0.018
146,62,84,0.083,0,0.013,0,1211011,10.5,0,3.1,0,0,0,0,0,0,0
148,62,86,0.1423,0.003,0.003,2.69,1211011,30.97,1.29,1.29,0,0,0,0,0,0,0
150,62,88,0.1931,0.002,0.002,3.684,1211011,57.03,1.27,1.27,0,0,0,0,0,0,0
150,62,88,0.1931,0.002,0.002,3.684,1012011,0,0,0,0.71,0.04,17.9,2,2,0.012,0.0007
150,62,88,0.1931,0.002,0.002,3.684,1013011,0,0,0,2.7,0.3,0,0,0,0.21,0.03
150,62,88,0.1931,0.002,0.002,3.684,1013012,0,0,0,33,4,0,0,0,6.3,0.8
150,62,88,0.1931,0.002,0.002,3.684,1212011,0.81,0.26,0.21,0,0,0,0,0,0,0
150,62,88,0.1931,0.002,0.002,3.684,1212211,0,0,0,0,0,100,40,40,0,0
152,62,90,0.3064,0.003,0.003,5.9,1211011,143.61,2.49,2.49,0,0,0,0,0,0,0
152,62,90,0.3064,0.003,0.003,5.9,1012011,0,0,0,1.37,0.11,51,5,5,0.055,0.004
152,62,90,0.3064,0.003,0.003,5.9,1013011,0,0,0,0.31,0.16,0.7,0.4,0.4,0.034,0.017
152,62,90,0.3064,0.003,0.003,5.9,1013012,0,0,0,2.7,0.8,23,9,9,0.71,0.21
152,62,90,0.3064,0.003,0.003,5.9,1212012,170,12,12,0,0,0,0,0,0,0
152,62,90,0.3064,0.003,0.003,5.9,1212011,0.94,0.06,0.06,0,0,0,0,0,0,0
152,62,90,0.3064,0.003,0.003,5.9,1212211,5.7,0.4,0.4,0,0,69,6,6,0,0
152,62,90,0.3064,0.003,0.003,5.9,1412411,0,0,0,0,0,150,15,15,0,0
154,62,92,0.341,0.002,0.002,6.62,1211011,177.84,2.04,2.04,0,0,0,0,0,0,0
154,62,92,0.341,0.002,0.002,6.62,1012011,0,0,0,0,0,0,0,0,0,0
156,62,94,0,0,0,0,1211011,0,0,0,0,0,0,0,0,0,0
158,62,96,0,0,0,0,1211011,0,0,0,0,0,0,0,0,0,0
160,62,98,0,0,0,0,1211011,0,0,0,0,0,0,0,0,0,0
162,62,100,0,0,0,0,1211011,0,0,0,0,0,0,0,0,0,0
164,62,102,0,0,0,0,1211011,0,0,0,0,0,0,0,0,0,0
166,62,104,0,0,0,0,1211011,0,0,0,0,0,0,0,0,0,0
168,62,106,0,0,0,0,1211011,0,0,0,0,0,0,0,0,0,0
170,62,108,0,0,0,0,1211011,0,0,0,0,0,0,0,0,0,0
172,62,110,0,0,0,0,1211011,0,0,0,0,0,0,0,0,0,0
138,64,74,0.2513,0.007,0.008,0,1211011,102.93,6.14,6.14,0,0,0,0,0,0,0
142,64,78,0,0,0,0,1211011,0,0,0,0,0,0,0,0,0,0
144,64,80,0,0,0,0,1211011,0,0,0,0,0,0,0,0,0,0
146,64,82,0,0,0,0,1211011,0,0,0,0,0,0,0,0,0,0
146,64,82,0,0,0,0,1012011,0,0,0,22,11,7.2,0.9,0.9,0.017,0.009
148,64,84,0.0776,0.016,0.01,0,1211011,9.8,4.54,2.36,0,0,0,0,0,0,0
150,64,86,0,0,0,0,1211011,0,0,0,0,0,0,0,0,0,0
150,64,86,0,0,0,0,1012011,0,0,0,0.92,0.2,0,0,0,0.017,0.004
152,64,88,0.206,0.009,0.009,4.09,1211011,69.32,5.81,5.81,0,0,0,0,0,0,0
152,64,88,0.206,0.009,0.009,4.09,1012011,0,0,0,1.84,0.07,63,14,14,0.0122,0.0005
152,64,88,0.206,0.009,0.009,4.09,1013011,0,0,0,2.4,0.5,0,0,0,0.092,0.02
152,64,88,0.206,0.009,0.009,4.09,1013012,0,0,0,48,4,0,0,0,4,0.4
152,64,88,0.206,0.009,0.009,4.09,1212012,36,4,4,0,0,0,0,0,0,0
152,64,88,0.206,0.009,0.009,4.09,1212011,0.31,0.03,0.03,0,0,0,0,0,0,0
152,64,88,0.206,0.009,0.009,4.09,1212211,16.5,1.4,1.4,0,0,46,4,4,0,0
154,64,90,0.312,0.003,0.003,6.25,1211011,158.67,2.86,2.86,0,0,0,0,0,0,0
154,64,90,0.312,0.003,0.003,6.25,1012011,0,0,0,1.9,0.3,89,17,17,0.06,0.009
154,64,90,0.312,0.003,0.003,6.25,1013011,0,0,0,1.04,0.17,0,0,0,0.112,0.018
154,64,90,0.312,0.003,0.003,6.25,1013012,0,0,0,4.2,0.7,0,0,0,1.02,0.16
154,64,90,0.312,0.003,0.003,6.25,1014011,0,0,0,6,1.2,0,0,0,0.8,0.16
154,64,90,0.312,0.003,0.003,6.25,1015011,0,0,0,15,5,0,0,0,3,1
154,64,90,0.312,0.003,0.003,6.25,1015013,0,0,0,15,5,0,0,0,11,4
154,64,90,0.312,0.003,0.003,6.25,1016011,0,0,0,2.8,0.4,0,0,0,0.63,0.1
154,64,90,0.312,0.003,0.003,6.25,1016012,0,0,0,5.6,0.9,0,0,0,2.3,0.4
154,64,90,0.312,0.003,0.003,6.25,1212012,97,10,10,0,0,0,0,0,0,0
154,64,90,0.312,0.003,0.003,6.25,1212011,0.86,0.07,0.07,0,0,0,0,0,0,0
154,64,90,0.312,0.003,0.003,6.25,1212211,6.7,0.6,0.6,0,0,74,9,9,0,0
156,64,92,0.3378,0.002,0.002,6.83,1211011,186.04,2.01,2.01,0,0,0,0,0,0,0
156,64,92,0.3378,0.002,0.002,6.83,1012011,0,0,0,2.02,0.15,42,20,22,0.191,0.015
156,64,92,0.3378,0.002,0.002,6.83,1013011,0,0,0,0.256,0.01,1.3,2,0.7,0.0303,0.0012
156,64,92,0.3378,0.002,0.002,6.83,1014011,0,0,0,6,1.1,2.9,2.7,1.4,1.6,0.3
156,64,92,0.3378,0.002,0.002,6.83,1014013,0,0,0,3.6,1.1,6.3,5.7,3,3.1,1
156,64,92,0.3378,0.002,0.002,6.83,1015011,0,0,0,0.46,0.2,0,0,0,0.14,0.06
156,64,92,0.3378,0.002,0.002,6.83,1212012,52,23,23,0,0,0,0,0,0,0
156,64,92,0.3378,0.002,0.002,6.83,1212011,0.63,0.06,0.06,0,0,0,0,0,0,0
156,64,92,0.3378,0.002,0.002,6.83,1212211,3.3,0.3,0.3,0,0,55,5,5,0,0
156,64,92,0.3378,0.002,0.002,6.83,1213211,0,0,0,0,0,0.2,0.6,0.2,0,0
158,64,94,0.3484,0.002,0.002,7.104,1211011,197.88,1.97,1.97,0,0,0,0,0,0,0
158,64,94,0.3484,0.002,0.002,7.104,1012011,0,0,0,0,0,0,0,0,0,0
158,64,94,0.3484,0.002,0.002,7.104,1013011,0,0,0,2,0.4,35,12,12,0.4,0.08
158,64,94,0.3484,0.002,0.002,7.104,1213211,0,0,0,0,0,0.8,0,0.8,0,0
158,64,94,0.3484,0.002,0.002,7.104,1214211,0,0,0,0,0,17,3,3,0,0
160,64,96,0.3534,0.002,0.002,7.265,1211011,203.51,2.33,2.33,0,0,0,0,0,0,0
162,64,98,0.3588,0.004,0.004,0,1211011,209.87,4.3,4.14,0,0,0,0,0,0,0
164,64,100,0.3489,0.009,0.008,0,1211011,198,11,9,0,0,0,0,0,0,0
150,66,84,0,0,0,0,1211011,0,0,0,0,0,0,0,0,0,0
152,66,86,0.097,0.029,0.028,2,1211011,17.85,9.55,9.55,0,0,0,0,0,0,0
154,66,88,0.237,0.007,0.006,4.9,1211011,97.49,5.3,5.3,0,0,0,0,0,0,0
154,66,88,0.237,0.007,0.006,4.9,1012011,0,0,0,2.2,0.4,0,0,0,0.016,0.003
154,66,88,0.237,0.007,0.006,4.9,1013011,0,0,0,29,17,0,0,0,1,0.6
154,66,88,0.237,0.007,0.006,4.9,1013012,0,0,0,600,0,0,96,0,5,
156,66,90,0.2929,0.002,0.002,6.107,1211011,148.75,1.6,1.6,0,0,0,0,0,0,0
156,66,90,0.2929,0.002,0.002,6.107,1012011,0,0,0,3,2,0,0,0,0.08,0.05
158,66,92,0.3255,0.002,0.002,6.844,1211011,183.69,1.97,1.97,0,0,0,0,0,0,0
158,66,92,0.3255,0.002,0.002,6.844,1213211,0,0,0,0,0,27,12,12,0,0
160,66,94,0.3387,0.004,0.004,7.18,1211011,198.85,4.26,4.26,0,0,0,0,0,0,0
160,66,94,0.3387,0.004,0.004,7.18,1012011,0,0,0,2.2,0.8,0,0,0,0.27,0.1
160,66,94,0.3387,0.004,0.004,7.18,1012011,0,0,0,1.7,0.7,0,0,0,0.27,0.11
160,66,94,0.3387,0.004,0.004,7.18,1013011,0,0,0,2.1,0.8,0,0,0,0.6,0.3
160,66,94,0.3387,0.004,0.004,7.18,1213211,0,0,0,0,0,17,4,4,0,0
162,66,96,0.343,0.004,0.004,7.33,1211011,203.98,4.19,4.19,0,0,0,0,0,0,0
162,66,96,0.343,0.004,0.004,7.33,1012011,0,0,0,0.31,0.02,0,0,0,0.048,0.003
164,66,98,0.3481,0.002,0.002,7.503,1211011,210.04,1.88,1.88,0,0,0,0,0,0,0
166,66,100,0,0,0,0,1211011,0,0,0,0,0,0,0,0,0,0
156,68,88,0.189,0.004,0.004,4.06,1211011,65.75,2.81,2.81,0,0,0,0,0,0,0
158,68,90,0.255,0.01,0.01,5.53,1211011,120.23,9.46,9.46,0,0,0,0,0,0,0
158,68,90,0.255,0.01,0.01,5.53,1012011,0,0,0,1.5,0.3,0,0,0,0.037,0.008
160,68,92,0.304,0.007,0.007,6.63,1211011,169.78,7.75,7.75,0,0,0,0,0,0,0
162,68,94,0.3222,0.002,0.002,7.097,1211011,191.01,2.29,2.29,0,0,0,0,0,0,0
162,68,94,0.3222,0.002,0.002,7.097,1012011,0,0,0,4.4,1.5,0,0,0,0.31,0.11
162,68,94,0.3222,0.002,0.002,7.097,1213211,0,0,0,0,0,140,100,100,0,0
162,68,94,0.3222,0.002,0.002,7.097,1214211,0,0,0,0,0,40,30,30,0,0
164,68,96,0.3333,0.002,0.002,7.402,1211011,204.42,2.25,2.25,0,0,0,0,0,0,0
164,68,96,0.3333,0.002,0.002,7.402,1012011,0,0,0,2.5,0.4,0,0,0,0.25,0.04
164,68,96,0.3333,0.002,0.002,7.402,1013011,0,0,0,1.08,0.19,0,0,0,0.14,0.03
164,68,96,0.3333,0.002,0.002,7.402,1014011,0,0,0,0.38,0.09,0,0,0,0.073,0.018
164,68,96,0.3333,0.002,0.002,7.402,1014012,0,0,0,0.98,0.19,0,0,0,0.69,0.14
164,68,96,0.3333,0.002,0.002,7.402,1015011,0,0,0,2.3,0.4,0,0,0,0.47,0.08
164,68,96,0.3333,0.002,0.002,7.402,1015012,0,0,0,2.9,0.7,0,0,0,2.1,0.6
164,68,96,0.3333,0.002,0.002,7.402,1016011,0,0,0,8.1,1.8,0,0,0,2.6,0.6
164,68,96,0.3333,0.002,0.002,7.402,1016012,0,0,0,4.8,0.9,0,0,0,4.1,0.8
164,68,96,0.3333,0.002,0.002,7.402,1016015,0,0,0,0.69,0.12,0,0,0,1.18,0.2
164,68,96,0.3333,0.002,0.002,7.402,1213211,0,0,0,0,0,5.3,2.7,2.7,0,0
164,68,96,0.3333,0.002,0.002,7.402,1214211,0,0,0,0,0,90,50,50,0,0
166,68,98,0.342,0.001,0.002,7.656,1211011,215.16,1.85,1.85,0,0,0,0,0,0,0
166,68,98,0.342,0.001,0.002,7.656,1012011,0,0,0,0.19,0.03,2.2,0.8,0.8,0.028,0.005
168,68,100,0.3381,0.003,0.003,7.63,1211011,210.3,3.63,3.63,0,0,0,0,0,0,0
168,68,100,0.3381,0.003,0.003,7.63,1213211,0,0,0,0,0,0.8,0.8,0.8,0,0
170,68,102,0.3363,0.003,0.003,7.65,1211011,208.08,3.58,3.58,0,0,0,0,0,0,0
172,68,104,0,0,0,0,1211011,0,0,0,0,0,0,0,0,0,0
158,70,88,0.194,0.012,0.012,4.33,1211011,73.71,9.07,9.07,0,0,0,0,0,0,0
160,70,90,0.23,0.007,0.007,5.17,1211011,103.11,6.2,6.2,0,0,0,0,0,0,0
162,70,92,0.263,0.005,0.006,5.96,1211011,134.59,5.72,5.72,0,0,0,0,0,0,0
164,70,94,0.29,0.009,0.008,6.63,1211011,164.28,9.75,9.75,0,0,0,0,0,0,0
166,70,96,0.315,0.009,0.01,7.25,1211011,193.39,11.44,11.44,0,0,0,0,0,0,0
168,70,98,0.322,0.009,0.008,7.49,1211011,202.67,10.9,10.9,0,0,0,0,0,0,0
168,70,98,0.322,0.009,0.008,7.49,1213211,0,0,0,0,0,30,7,7,0,0
170,70,100,0.3258,0.004,0.004,7.63,1211011,207.01,4.65,4.65,0,0,0,0,0,0,0
170,70,100,0.3258,0.004,0.004,7.63,1012011,0,0,0,0.059,0.02,0,0,0,0.0036,0.0012
170,70,100,0.3258,0.004,0.004,7.63,1013011,0,0,0,0.97,0.07,24,5,5,0.083,0.006
170,70,100,0.3258,0.004,0.004,7.63,1014011,0,0,0,7.1,0.5,0,0,0,0.93,0.07
170,70,100,0.3258,0.004,0.004,7.63,1014012,0,0,0,0.53,0.14,0,0,0,0.22,0.06
170,70,100,0.3258,0.004,0.004,7.63,1014013,0,0,0,2.5,0.9,0,0,0,1.4,0.5
170,70,100,0.3258,0.004,0.004,7.63,1015011,0,0,0,3.5,0.5,0,0,0,0.5,0.08
170,70,100,0.3258,0.004,0.004,7.63,1015012,0,0,0,2.5,1.2,0,0,0,1.1,0.6
172,70,102,0.3302,0.002,0.002,7.792,1211011,212.61,2.46,2.46,0,0,0,0,0,0,0
172,70,102,0.3302,0.002,0.002,7.792,1012011,0,0,0,0.43,0.04,2.8,0.8,0.8,0.0266,0.0019
172,70,102,0.3302,0.002,0.002,7.792,1013011,0,0,0,23.7,1.4,0.19,0.03,0.03,2.77,0.17
172,70,102,0.3302,0.002,0.002,7.792,1013012,0,0,0,37,3,1.01,0.14,0.14,14.4,1.1
172,70,102,0.3302,0.002,0.002,7.792,1014011,0,0,0,1.83,0.1,0,0,0,0.351,0.02
172,70,102,0.3302,0.002,0.002,7.792,1014012,0,0,0,0.088,0.015,0,0,0,0.044,0.008
172,70,102,0.3302,0.002,0.002,7.792,1014013,0,0,0,0.234,0.019,0,0,0,0.195,0.016
172,70,102,0.3302,0.002,0.002,7.792,1015011,0,0,0,0.57,0.02,0,0,0,0.125,0.005
172,70,102,0.3302,0.002,0.002,7.792,1212011,0.24,0.01,0.01,0,0,0,0,0,0,0
172,70,102,0.3302,0.002,0.002,7.792,1212211,0.79,0.12,0.12,0,0,3.1,1.5,1.5,0,0
172,70,102,0.3302,0.002,0.002,7.792,1214211,0,0,0,0,0,0.013,0,0.013,0,0
172,70,102,0.3302,0.002,0.002,7.792,1216211,0,0,0,0,0,9,6,6,0,0
172,70,102,0.3302,0.002,0.002,7.792,1217211,0,0,0,0,0,3.3,1.7,1.7,0,0
174,70,104,0.3249,0.002,0.002,7.727,1211011,205.89,2.08,2.08,0,0,0,0,0,0,0
174,70,104,0.3249,0.002,0.002,7.727,1012011,0,0,0,0.18,0.18,1.7,0,1.7,0.022,0.022
174,70,104,0.3249,0.002,0.002,7.727,1013011,0,0,0,0.335,0.335,0,0,0,0.075,0.075
176,70,106,0.305,0.005,0.006,7.3,1211011,180.93,6.49,6.49,0,0,0,0,0,0,0
178,70,108,0,0,0,0,1211011,0,0,0,0,0,0,0,0,0,0
162,72,90,0.158,0.007,0.007,3.68,1211011,51.47,4.58,4.58,0,0,0,0,0,0,0
164,72,92,0.197,0.008,0.008,4.63,1211011,80.27,6.75,6.75,0,0,0,0,0,0,0
166,72,94,0.25,0.007,0.007,5.93,1211011,129.17,7.38,7.38,0,0,0,0,0,0,0
168,72,96,0.275,0.007,0.007,6.57,1211011,156.18,8.35,8.35,0,0,0,0,0,0,0
170,72,98,0.301,0.035,0.034,7.3,1211011,189.49,42.9,42.9,0,0,0,0,0,0,0
172,72,100,0.276,0.01,0.01,6.7,1211011,157.34,11.62,11.62,0,0,0,0,0,0,0
172,72,100,0.276,0.01,0.01,6.7,1012011,0,0,0,3.9,0.4,0,0,0,0.129,0.016
172,72,100,0.276,0.01,0.01,6.7,1013011,0,0,0,260,50,0,0,0,20,4
172,72,100,0.276,0.01,0.01,6.7,1013012,0,0,0,77,19,0,0,0,16,4
172,72,100,0.276,0.01,0.01,6.7,1014011,0,0,0,74,7,0,0,0,6.3,0.6
172,72,100,0.276,0.01,0.01,6.7,1014012,0,0,0,25.7,16,0,0,0,5.7,0.4
174,72,102,0.286,0.009,0.009,7,1211011,169.15,10.75,10.75,0,0,0,0,0,0,0
174,72,102,0.286,0.009,0.009,7,1012011,0,0,0,3.1,1.2,0,0,0,0.09,0.04
174,72,102,0.286,0.009,0.009,7,1212011,2.1,0.6,0.6,0,0,0,0,0,0,0
174,72,102,0.286,0.009,0.009,7,1212211,0,0,0,0,0,27,13,13,0,0
176,72,104,0.2953,0.003,0.003,7.28,1211011,179.9,3.41,3.41,0,0,0,0,0,0,0
176,72,104,0.2953,0.003,0.003,7.28,1012011,0,0,0,2.2,0.3,0,0,0,0.138,0.019
176,72,104,0.2953,0.003,0.003,7.28,1013011,0,0,0,109,16,0,0,0,9,1.3
176,72,104,0.2953,0.003,0.003,7.28,1212011,0.98,0.19,0.19,0,0,0,0,0,0,0
176,72,104,0.2953,0.003,0.003,7.28,1212211,0,0,0,0,0,52,9,9,0,0
178,72,106,0.2803,0.002,0.002,6.961,1211011,162.08,2.02,2.02,0,0,0,0,0,0,0
178,72,106,0.2803,0.002,0.002,6.961,1012011,0,0,0,3.02,0.13,0,0,0,0.208,0.009
178,72,106,0.2803,0.002,0.002,6.961,1013011,0,0,0,1.1,0.3,0,0,0,0.11,0.03
178,72,106,0.2803,0.002,0.002,6.961,1014011,0,0,0,5.86,0.19,0,0,0,0.609,0.02
178,72,106,0.2803,0.002,0.002,6.961,1213211,0,0,0,0,0,3.8,1.5,1.5,0,0
178,72,106,0.2803,0.002,0.002,6.961,1214211,0,0,0,0,0,14,3,3,0,0
180,72,108,0.2738,0.004,0.003,6.85,1211011,154.71,3.98,3.98,0,0,0,0,0,0,0
182,72,110,0,0,0,0,1211011,0,0,0,0,0,0,0,0,0,0
168,74,94,0.232,0.007,0.006,5.7,1211011,117.68,6.54,6.54,0,0,0,0,0,0,0
170,74,96,0.24,0.003,0.003,5.94,1211011,125.49,3.58,3.58,0,0,0,0,0,0,0
172,74,98,0.284,0.014,0.013,7.1,1211011,176.7,16.9,16.9,0,0,0,0,0,0,0
172,74,98,0.284,0.014,0.013,7.1,1012011,0,0,0,3.6,1.1,0,0,0,0.06,0.018
174,74,100,0.251,0.009,0.009,6.31,1211011,137.61,9.71,9.71,0,0,0,0,0,0,0
174,74,100,0.251,0.009,0.009,6.31,1012011,0,0,0,2.1,0.7,0,0,0,0.042,0.013
176,74,102,0.27856,0.001,0.001,0,1211011,169.1,1.1,1.1,0,0,0,0,0,0,0
176,74,102,0.27856,0.001,0.001,0,1012011,0,0,0,2.5,0.7,0,0,0,0.057,0.016
178,74,104,0.265,0.002,0.002,0,1211011,153.1,2,2,0,0,0,0,0,0,0
178,74,104,0.265,0.002,0.002,0,1013011,0,0,0,26,8,0,0,0,1.7,0.5
180,74,106,0.254,0.007,0.007,6.53,1211011,140.8,7.95,7.95,0,0,0,0,0,0,0
182,74,108,0.2508,0.002,0.002,6.5,1011010,2.61,0,0,0,0,0,0,0,,
182,74,108,0.2508,0.002,0.002,6.5,1011010,0,0,0,0,0,0,0.04,0.09,,
182,74,108,0.2508,0.002,0.002,6.5,1211010,0,0,0,3.5,0.3,0.3,0,0,,
184,74,110,0.2362,0.004,0.004,6.16,1211011,121.61,4.18,4.18,0,0,0,0,0,0,0
184,74,110,0.2362,0.004,0.004,6.16,1213211,0,0,0,0,0,2.6,0.5,0.5,0,0
186,74,112,0.2257,0.004,0.004,5.93,1211011,110.99,3.81,3.81,0,0,0,0,0,0,0
188,74,114,0.198,0.015,0.015,0,1211011,85,14,12,0,0,0,0,0,0,0
172,76,96,0.225,0.008,0.008,5.76,1211011,116.16,8.1,8.1,0,0,0,0,0,0,0
172,76,96,0.225,0.008,0.008,5.76,1012011,0,0,0,8.3,2.5,0,0,0,0.066,0.02
174,76,98,0.266,0.017,0.017,6.86,1211011,162.91,20.8,20.8,0,0,0,0,0,0,0
174,76,98,0.266,0.017,0.017,6.86,1012011,0,0,0,5.3,0.9,0,0,0,0.024,0.004
176,76,100,0.218,0.015,0.017,0,1211011,109,16,16,0,0,0,0,0,0,0
176,76,100,0.218,0.015,0.017,0,1012011,0,0,0,3.7,0.5,0,0,0,0.026,0.003
178,76,102,0.2456,0.009,0.008,0,1211011,139,10,9,0,0,0,0,0,0,0
178,76,102,0.2456,0.009,0.008,0,1012011,0,0,0,4,1,0,0,0,0.036,0.009
180,76,104,0.226,0.026,0.025,6,1211011,119.27,26.5,26.5,0,0,0,0,0,0,0
180,76,104,0.226,0.026,0.025,6,1012011,0,0,0,3,0.5,0,0,0,0.038,0.006
182,76,106,0.234,0.011,0.011,6.22,1211011,126.01,11.43,11.43,0,0,0,0,0,0,0
184,76,108,0.213,0.005,0.006,5.7,1211011,103.92,5.15,5.15,0,0,0,0,0,0,0
186,76,110,0.2,0.003,0.003,5.4,1211011,91.97,3.17,3.17,0,0,0,0,0,0,0
188,76,112,0.1862,0.002,0.002,5.06,1211011,79.72,1.56,1.56,0,0,0,0,0,0,0
188,76,112,0.1862,0.002,0.002,5.06,1012011,0,0,0,0.015,0.004,0.011,0.004,0.004,0.00049,0.00014
188,76,112,0.1862,0.002,0.002,5.06,1013011,0,0,0,0.099,0.01,0,0,0,0.007,0.0007
188,76,112,0.1862,0.002,0.002,5.06,1014011,0,0,0,17.1,1.4,0,0,0,1.69,0.14
188,76,112,0.1862,0.002,0.002,5.06,1014012,0,0,0,0.21,0.06,0,0,0,0.057,0.0016
188,76,112,0.1862,0.002,0.002,5.06,1015011,0,0,0,0.5,0.14,0,0,0,0.054,0.015
188,76,112,0.1862,0.002,0.002,5.06,1016011,0,0,0,1.31,0.2,0,0,0,0.15,0.03
188,76,112,0.1862,0.002,0.002,5.06,1016013,0,0,0,3.2,0.5,0,0,0,1.7,0.3
188,76,112,0.1862,0.002,0.002,5.06,1212011,5,0.6,0.6,0,0,0,0,0,0,0
188,76,112,0.1862,0.002,0.002,5.06,1212211,16,2,2,0,0,0.7,0.6,0.6,0,0
190,76,114,0.1775,0.002,0.002,4.86,1211011,72.44,1.85,1.85,0,0,0,0,0,0,0
190,76,114,0.1775,0.002,0.002,4.86,1012011,0,0,0,0,0,0,0,0,0,0
192,76,116,0.1667,0.001,0.001,4.595,1112010,0.91,0.91,0,0,0,0,0,0,0,
192,76,116,0.1667,0.001,0.001,4.595,111010.310,0,0,0,0,0,0,0,0,0,
194,76,118,0,0,0,0,1211011,0,0,0,0,0,0,0,0,0,0
176,78,98,0.19,0.011,0.01,5.09,1211011,88.07,9.56,9.56,0,0,0,0,0,0,0
176,78,98,0.19,0.011,0.01,5.09,1012011,0,0,0,22,15,0,0,0,0.013,0.01
178,78,100,0.2427,0.009,0.008,0,1211011,142.65,11.2,9.69,0,0,0,0,0,0,0
178,78,100,0.2427,0.009,0.008,0,1012011,0,0,0,8,2,0,0,0,0.016,0.004
180,78,102,0.256,0.013,0.013,6.94,1211011,159.35,16.23,16.23,0,0,0,0,0,0,0
180,78,102,0.256,0.013,0.013,6.94,1012011,0,0,0,9.8,0.8,0,0,0,0.0258,0.0018
182,78,104,0.216,0.007,0.005,0,1211011,113,7.6,5.4,0,0,0,0,0,0,0
182,78,104,0.216,0.007,0.005,0,1012011,0,0,0,4.6,1,0,0,0,0.014,0.003
184,78,106,0.224,0.008,0.008,6.16,1211011,121.61,8.69,8.69,0,0,0,0,0,0,0
184,78,106,0.224,0.008,0.008,6.16,1012011,0,0,0,3.5,0.4,0,0,0,0.0097,0.0012
186,78,108,0.1979,0.004,0.004,5.48,1211011,94.82,4.12,4.12,0,0,0,0,0,0,0
186,78,108,0.1979,0.004,0.004,5.48,1012011,0,0,0,6.3,2.1,0,0,0,0.012,0.004
188,78,110,0.186,0.017,0.017,5.18,1211011,84.1,15.32,15.32,0,0,0,0,0,0,0
188,78,110,0.186,0.017,0.017,5.18,1012011,0,0,0,1.92,0.06,0,0,0,0.0134,0.0004
190,78,112,0.149,0.009,0.009,4.19,1211011,53.94,6.78,6.78,0,0,0,0,0,0,0
190,78,112,0.149,0.009,0.009,4.19,1012011,0,0,0,1.45,0.17,0,0,0,0.0143,0.0017
192,78,114,0.1532,0.002,0.002,4.336,1011010,1.22,0,0,0,0,0,0,0,,
192,78,114,0.1532,0.002,0.002,4.336,1011010,0,0,0,0,0,0,0.004,0.06,,
192,78,114,0.1532,0.002,0.002,4.336,1011010,0,0,0,0,0,0,0.15,0.6,,
192,78,114,0.1532,0.002,0.002,4.336,1011010,0,0,0,0,0,0,0.03,0.18,,
192,78,114,0.1532,0.002,0.002,4.336,1011010,0,0,0,0,0,0,0.3,2.1,,
192,78,114,0.1532,0.002,0.002,4.336,1012010,0,0,0,0,0,0,0.4,1.2,,
194,78,116,0.1426,0.001,0.001,4.063,1211011,49.23,0.66,0.66,0,0,0,0,0,0,0
194,78,116,0.1426,0.001,0.001,4.063,1012011,0,0,0,0.337,0.023,0.19,0.1,0.1,0.0082,0.0005
194,78,116,0.1426,0.001,0.001,4.063,1013011,0,0,0,10.4,0.4,0,0,0,0.41,0.016
194,78,116,0.1426,0.001,0.001,4.063,1014011,0,0,0,0.53,0.04,10,4,4,0.0238,0.0018
194,78,116,0.1426,0.001,0.001,4.063,1016011,0,0,0,61,21,0,0,0,6.1,2.1
194,78,116,0.1426,0.001,0.001,4.063,1017011,0,0,0,15.8,1,0,0,0,1.73,0.11
194,78,116,0.1426,0.001,0.001,4.063,1212011,0.29,0.04,0.04,0,0,0,0,0,0,0
194,78,116,0.1426,0.001,0.001,4.063,1212211,89,11,11,0,0,0.46,0.16,0.16,0,0
196,78,118,0.1296,0.001,0.001,3.718,1211011,40.66,0.47,0.47,0,0,0,0,0,0,0
196,78,118,0.1296,0.001,0.001,3.718,1012011,0,0,0,0.016,0.016,0.17,0,0.17,0.00025,0.00025
196,78,118,0.1296,0.001,0.001,3.718,1013011,0,0,0,2.9,0.3,12.2,0,12.2,0.09,0.009
196,78,118,0.1296,0.001,0.001,3.718,1013012,0,0,0,16.3,2,25,0,25,1.9,0.23
196,78,118,0.1296,0.001,0.001,3.718,1014011,0,0,0,0.25,0.25,0,0,0,0.015,0.015
196,78,118,0.1296,0.001,0.001,3.718,1015011,0,0,0,0.7,0.1,0,0,0,0.054,0.008
196,78,118,0.1296,0.001,0.001,3.718,1212011,0,0,0,0,0,0,0,0,0,0
196,78,118,0.1296,0.001,0.001,3.718,1212211,48,7,7,0,0,1,0.6,0.6,0,0
198,78,120,0.1141,0.001,0.001,3.295,1211011,31.51,0.35,0.35,0,0,0,0,0,0,0
200,78,122,0,0,0,0,1211011,0,0,0,0,0,0,0,0,0,0
180,80,100,0.1373,0.01,0.01,0,1211011,48,7,7,0,0,0,0,0,0,0
182,80,102,0.1466,0.004,0.004,0,1211011,54.75,2.87,2.87,0,0,0,0,0,0,0
184,80,104,0.16,0.019,0.02,4.5,1211011,65.95,15.77,15.77,0,0,0,0,0,0,0
184,80,104,0.16,0.019,0.02,4.5,1012011,0,0,0,0,0,3.2,1.1,1.1,0,0
186,80,106,0.132,0.011,0.011,3.75,1211011,44.71,7.61,7.61,0,0,0,0,0,0,0
186,80,106,0.132,0.011,0.011,3.75,1012011,0,0,0,0,0,0,0,0,0,0
188,80,108,0.145,0.011,0.011,0,1211011,53.8,8.4,8.4,0,0,0,0,0,0,0
188,80,108,0.145,0.011,0.011,0,1012011,0,0,0,0,0,7,3,3,0,0
190,80,110,0,0,0,0,1211011,0,0,0,0,0,0,0,0,0,0
190,80,110,0,0,0,0,1012011,0,0,0,3.7,1.9,0,0,0,0.06,0.03
192,80,112,0,0,0,0,1211011,0,0,0,0,0,0,0,0,0,0
194,80,114,0,0,0,0,1211011,0,0,0,0,0,0,0,0,0,0
196,80,116,0.1155,0.003,0.002,3.4,1211011,34.01,1.48,1.48,0,0,0,0,0,0,0
198,80,118,0.1065,0.001,0.001,3.155,1112010,0.35,0.35,0,0,0,0,0,0,0,
198,80,118,0.1065,0.001,0.001,3.155,1110010,0,0,0,0.6,0,0,0.049,0,0.013,
200,80,120,0.0982,0.001,0.001,2.928,1211011,24.56,0.32,0.32,0,0,0,0,0,0,0
200,80,120,0.0982,0.001,0.001,2.928,1012011,0,0,0,0.011,0.004,0,0,0,0.0001,0.00004
200,80,120,0.0982,0.001,0.001,2.928,1013011,0,0,0,0.2,0.2,0,0,0,0.065,0.065
200,80,120,0.0982,0.001,0.001,2.928,1013012,0,0,0,0.24,0.04,0,0,0,0.022,0.003
200,80,120,0.0982,0.001,0.001,2.928,1014011,0,0,0,3.8,0.5,0,0,0,0.23,0.03
200,80,120,0.0982,0.001,0.001,2.928,1014013,0,0,0,1.2,0.4,0,0,0,0.32,0.11
202,80,122,0.0826,0.001,0.001,2.48,1211011,17.39,0.28,0.28,0,0,0,0,0,0,0
204,80,124,0.0686,0.001,0.001,2.072,1211011,11.97,0.2,0.2,0,0,0,0,0,0,0
186,82,104,0.0475,0.006,0.007,0,1211011,6,1.7,1.7,0,0,0,0,0,0,0
188,82,106,0.0546,0.009,0.01,0,1211011,8,2.7,2.7,0,0,0,0,0,0,0
190,82,108,0,0,0,0,1211011,0,0,0,0,0,0,0,0,0,0
190,82,108,0,0,0,0,1012011,0,0,0,0,0,0,0,0,0,0
192,82,110,0,0,0,0,1211011,0,0,0,0,0,0,0,0,0,0
192,82,110,0,0,0,0,1012011,0,0,0,0,0,1.7,0.2,0.2,0,0
194,82,112,0,0,0,0,1211011,0,0,0,0,0,0,0,0,0,0
194,82,112,0,0,0,0,1012011,0,0,0,0,0,0.98,0.18,0.18,0,0
202,82,120,0,0,0,0,1211011,0,0,0,0,0,0,0,0,0,0
202,82,120,0,0,0,0,1012011,0,0,0,15,6,0,0,0,0.08,0.03
202,82,120,0,0,0,0,1013011,0,0,0,6,2,0,0,0,0.06,0.02
202,82,120,0,0,0,0,1014011,0,0,0,24,10,0,0,0,0.5,0.2
204,82,122,0.0412,0.001,0.001,1.276,1211011,4.54,0.11,0.11,0,0,0,0,0,0,0
204,82,122,0.0412,0.001,0.001,1.276,1012011,0,0,0,0,0,6.8,5.8,5.8,0,0
206,82,124,0.03216,0,0,1.003,1211011,2.77,0.06,0.06,0,0,0,0,0,0,0
206,82,124,0.03216,0,0,1.003,1012011,0,0,0,0,0,1.17,0.06,0.06,0,0
208,82,126,0.0553,0.003,0.003,1.73,1211011,8.2,0.82,0.82,0,0,0,0,0,0,0
210,82,128,0.0224,0.003,0.003,0.71,1211011,1.38,0.41,0.41,0,0,0,0,0,0,0
194,84,110,0.1786,0.019,0.015,0,1211011,89.53,20.47,14.28,0,0,0,0,0,0,0
196,84,112,0.1294,0.008,0.009,0,1211011,47,6.2,6.2,0,0,0,0,0,0,0
198,84,114,0,0,0,0,1211011,0,0,0,0,0,0,0,0,0,0
198,84,114,0,0,0,0,1012011,0,0,0,15,9,0,0,0,0.004,0.002
208,84,124,0,0,0,0,1211011,0,0,0,0,0,0,0,0,0,0
208,84,124,0,0,0,0,1012011,0,0,0,0,0,0,0,0,0,0
210,84,126,0.0138,0.001,0.001,0.446,1211011,0.54,0.11,0.11,0,0,0,0,0,0,0
210,84,126,0.0138,0.001,0.001,0.446,1012011,0,0,0,2.6,1.3,0,0,0,0.07,0.04
212,84,128,0,0,0,0,1211011,0,0,0,0,0,0,0,0,0,0
212,84,128,0,0,0,0,1012011,0,0,0,43,6,0.78,0.13,0.13,0.69,0.1
214,84,130,0,0,0,0,1211011,0,0,0,0,0,0,0,0,0,0
214,84,130,0,0,0,0,1012011,0,0,0,32,5,1.3,0.2,0.2,0.28,0.04
214,84,130,0,0,0,0,1014011,0,0,0,0.6,0.12,0,0,0,0.02,0.004
220,86,134,0.1266,0.002,0.002,4.32,1211011,47.16,1.78,1.78,0,0,0,0,0,0,0
222,86,136,0.1419,0.005,0.005,4.88,1211011,59.36,4.01,4.01,0,0,0,0,0,0,0
218,88,130,0.095,0.009,0.008,3.31,1211011,28.23,5.13,5.13,0,0,0,0,0,0,0
222,88,134,0.192,0.157,0.157,6.75,1211011,13.53,9.77,9.77,0,0,0,0,0,0,0
224,88,136,0.179,0.003,0.003,6.33,1211011,98.75,3.71,3.71,0,0,0,0,0,0,0
226,88,138,0.2022,0.003,0.003,7.19,1211011,125.96,3.42,3.42,0,0,0,0,0,0,0
228,88,140,0.217,0.005,0.005,7.76,1211011,144.8,6.77,6.77,0,0,0,0,0,0,0
222,90,132,0.153,0.008,0.008,5.49,1211011,75.39,8.02,8.02,0,0,0,0,0,0,0
224,90,134,0.1744,0.006,0.006,0,1211011,98,7.2,6.2,0,0,0,0,0,0,0
226,90,136,0.228,0.007,0.007,8.29,1211011,167.54,10.27,10.27,0,0,0,0,0,0,0
228,90,138,0.2301,0.004,0.004,8.42,1211011,170.66,5.8,5.8,0,0,0,0,0,0,0
228,90,138,0.2301,0.004,0.004,8.42,1012011,0,0,0,30,16,0,0,0,0.24,0.13
228,90,138,0.2301,0.004,0.004,8.42,1215213,0,0,0,0,0,2.4,0.3,0.3,0,0
230,90,140,0.2441,0.002,0.001,8.99,1211011,192.1,2.39,2.39,0,0,0,0,0,0,0
230,90,140,0.2441,0.002,0.001,8.99,1012011,0,0,0,39,7,50,20,20,0.15,0.03
230,90,140,0.2441,0.002,0.001,8.99,1212011,2.7,0.9,0.9,0,0,0,0,0,0,0
230,90,140,0.2441,0.002,0.001,8.99,1212211,0,0,0,0,0,50,20,20,0,0
232,90,142,0.2608,0.001,0.001,9.66,1211011,219.18,2.36,2.36,0,0,0,0,0,0,0
232,90,142,0.2608,0.001,0.001,9.66,1212011,2.8,1.2,1.2,0,0,0,0,0,0,0
232,90,142,0.2608,0.001,0.001,9.66,1212211,0.52,0.1,0.1,0,0,63,53,37,0,0
234,90,144,0.241,0.01,0.011,8.96,1211011,186.8,16.35,16.35,0,0,0,0,0,0,0
230,92,138,0.262,0.016,0.016,9.9,1211011,231.76,28.67,28.67,0,0,0,0,0,0,0
232,92,140,0.264,0.014,0.013,10,1211011,236.19,23.62,23.62,0,0,0,0,0,0,0
232,92,140,0.264,0.014,0.013,10,1012011,0,0,0,38,7,0,0,0,0.16,0.03
232,92,140,0.264,0.014,0.013,10,1013012,0,0,0,13,2,0,0,0,0.43,0.08
234,92,142,0.2718,0.003,0.003,10.35,1211011,248.91,4.67,4.67,0,0,0,0,0,0,0
234,92,142,0.2718,0.003,0.003,10.35,1012011,0,0,0,110,30,0,0,0,0.22,0.15
236,92,144,0.2821,0.002,0.002,10.8,1211011,268.04,3.46,3.46,0,0,0,0,0,0,0
238,92,146,0.2863,0.002,0.002,11.02,1211011,276,4.57,4.57,0,0,0,0,0,0,0
238,92,146,0.2863,0.002,0.002,11.02,1014011,0,0,0,1.5,0.4,0.00000066,0.00000016,0.00000016,0.15,0.04
238,92,146,0.2863,0.002,0.002,11.02,1213211,0,0,0,0,0,176,36,32,0,0
236,94,142,0,0,0,0,1211011,0,0,0,0,0,0,0,0,0,0
236,94,142,0,0,0,0,1012011,0,0,0,0,0,0,0,0,0,0
238,94,144,0.2861,0.002,0.002,11.26,1211011,287.87,4.57,4.57,0,0,0,0,0,0,0
238,94,144,0.2861,0.002,0.002,11.26,1012011,0,0,0,90,30,0,0,0,0.7,0.3
238,94,144,0.2861,0.002,0.002,11.26,1014011,0,0,0,11,2,0,0,0,0.17,0.03
238,94,144,0.2861,0.002,0.002,11.26,1212011,3.9,1.2,1.2,0,0,0,0,0,0,0
238,94,144,0.2861,0.002,0.002,11.26,1212211,0,0,0,0,0,180,110,110,0,0
240,94,146,0.2891,0.003,0.003,11.44,1211011,293.93,6.77,6.77,0,0,0,0,0,0,0
240,94,146,0.2891,0.003,0.003,11.44,1012011,0,0,0,7,3,0,0,0,0.048,0.016
242,94,148,0.2917,0.002,0.002,11.61,1211011,299.18,3.57,3.57,0,0,0,0,0,0,0
244,94,150,0.2931,0.002,0.002,11.73,1211011,302.1,3.53,3.53,0,0,0,0,0,0,0
240,96,144,0.297,0.006,0.007,11.99,1211011,322.82,13.55,13.55,0,0,0,0,0,0,0
244,96,148,0.2972,0.002,0.002,12.14,1211011,323.96,3.75,3.75,0,0,0,0,0,0,0
244,96,148,0.2972,0.002,0.002,12.14,1012011,0,0,0,210,70,0,0,0,1.7,0.6
246,96,150,0.2983,0.002,0.002,12.26,1211011,326.35,4.15,4.15,0,0,0,0,0,0,0
246,96,150,0.2983,0.002,0.002,12.26,1012011,0,0,0,220,30,0,0,0,2.7,0.3
248,96,152,0.2972,0.002,0.002,12.28,1211011,323.92,4.11,4.11,0,0,0,0,0,0,0
250,98,152,0.299,0.015,0.015,12.7,1211011,342.07,34.21,34.21,0,0,0,0,0,0,0
250,98,152,0.299,0.015,0.015,12.7,1012011,0,0,0,32,5,0,0,0,0.31,0.06
250,98,152,0.299,0.015,0.015,12.7,1013011,0,0,0,183,20,0,0,0,2.3,0.3
252,98,154,0.304,0.01,0.01,12.95,1211011,353.26,23.27,23.27,0,0,0,0,0,0,0
